2026-07-30 23:29:30,490 === phase arm1 / A_crisis : llama31-8b-base, tulu3-8b-sft, tulu3-8b-dpo, tulu3-8b-final, llama31-8b-instruct ===
2026-07-30 23:29:30,496 collect: 4800 specs, 0 already done, 4800 pending -> C:\Users\Gebruiker\OneDrive\\u684c\u9762\model-metrology\experiments\01-stress-signature\data\trials.jsonl
2026-07-30 23:29:31,975 HTTP Request: POST https://router.huggingface.co/featherless-ai/v1/chat/completions "HTTP/1.1 200 OK"
2026-07-30 23:29:32,342 HTTP Request: POST https://router.huggingface.co/featherless-ai/v1/chat/completions "HTTP/1.1 200 OK"
2026-07-30 23:29:32,416 HTTP Request: POST https://router.huggingface.co/featherless-ai/v1/chat/completions "HTTP/1.1 200 OK"
2026-07-30 23:29:32,640 HTTP Request: POST https://router.huggingface.co/featherless-ai/v1/chat/completions "HTTP/1.1 200 OK"
2026-07-30 23:29:32,846 HTTP Request: POST https://router.huggingface.co/featherless-ai/v1/chat/completions "HTTP/1.1 200 OK"
2026-07-30 23:29:33,669 HTTP Request: POST https://router.huggingface.co/featherless-ai/v1/chat/completions "HTTP/1.1 200 OK"
2026-07-30 23:29:37,390 HTTP Request: POST https://router.huggingface.co/featherless-ai/v1/chat/completions "HTTP/1.1 200 OK"
2026-07-30 23:29:38,467 HTTP Request: POST https://router.huggingface.co/featherless-ai/v1/chat/completions "HTTP/1.1 200 OK"
2026-07-30 23:29:40,157 HTTP Request: POST https://router.huggingface.co/featherless-ai/v1/chat/completions "HTTP/1.1 200 OK"
2026-07-30 23:29:42,046 HTTP Request: POST https://router.huggingface.co/featherless-ai/v1/chat/completions "HTTP/1.1 200 OK"
2026-07-30 23:29:42,707 HTTP Request: POST https://router.huggingface.co/featherless-ai/v1/chat/completions "HTTP/1.1 200 OK"
2026-07-30 23:29:43,634 HTTP Request: POST https://router.huggingface.co/featherless-ai/v1/chat/completions "HTTP/1.1 200 OK"
2026-07-30 23:29:44,365 HTTP Request: POST https://router.huggingface.co/featherless-ai/v1/chat/completions "HTTP/1.1 200 OK"
2026-07-30 23:29:45,180 HTTP Request: POST https://router.huggingface.co/featherless-ai/v1/chat/completions "HTTP/1.1 200 OK"
2026-07-30 23:29:45,931 HTTP Request: POST https://router.huggingface.co/featherless-ai/v1/chat/completions "HTTP/1.1 200 OK"
2026-07-30 23:29:46,552 HTTP Request: POST https://router.huggingface.co/featherless-ai/v1/chat/completions "HTTP/1.1 503 Service Unavailable"
2026-07-30 23:29:46,768 HTTP Request: POST https://router.huggingface.co/featherless-ai/v1/chat/completions "HTTP/1.1 200 OK"
2026-07-30 23:29:46,997 HTTP Request: POST https://router.huggingface.co/featherless-ai/v1/chat/completions "HTTP/1.1 503 Service Unavailable"
2026-07-30 23:29:47,904 HTTP Request: POST https://router.huggingface.co/featherless-ai/v1/chat/completions "HTTP/1.1 503 Service Unavailable"
2026-07-30 23:29:47,959 HTTP Request: POST https://router.huggingface.co/featherless-ai/v1/chat/completions "HTTP/1.1 503 Service Unavailable"
2026-07-30 23:29:49,090 HTTP Request: POST https://router.huggingface.co/featherless-ai/v1/chat/completions "HTTP/1.1 503 Service Unavailable"
2026-07-30 23:29:49,374 HTTP Request: POST https://router.huggingface.co/featherless-ai/v1/chat/completions "HTTP/1.1 503 Service Unavailable"
2026-07-30 23:30:00,198 HTTP Request: POST https://router.huggingface.co/featherless-ai/v1/chat/completions "HTTP/1.1 503 Service Unavailable"
2026-07-30 23:30:00,963 HTTP Request: POST https://router.huggingface.co/featherless-ai/v1/chat/completions "HTTP/1.1 503 Service Unavailable"
2026-07-30 23:30:06,566 HTTP Request: POST https://router.huggingface.co/featherless-ai/v1/chat/completions "HTTP/1.1 503 Service Unavailable"
2026-07-30 23:30:07,692 HTTP Request: POST https://router.huggingface.co/featherless-ai/v1/chat/completions "HTTP/1.1 503 Service Unavailable"
2026-07-30 23:30:08,801 HTTP Request: POST https://router.huggingface.co/featherless-ai/v1/chat/completions "HTTP/1.1 503 Service Unavailable"
2026-07-30 23:30:11,704 HTTP Request: POST https://router.huggingface.co/featherless-ai/v1/chat/completions "HTTP/1.1 503 Service Unavailable"
2026-07-30 23:30:13,103 HTTP Request: POST https://router.huggingface.co/featherless-ai/v1/chat/completions "HTTP/1.1 503 Service Unavailable"
2026-07-30 23:30:13,933 HTTP Request: POST https://router.huggingface.co/featherless-ai/v1/chat/completions "HTTP/1.1 503 Service Unavailable"
2026-07-30 23:30:14,621 HTTP Request: POST https://router.huggingface.co/featherless-ai/v1/chat/completions "HTTP/1.1 200 OK"
2026-07-30 23:30:16,761 HTTP Request: POST https://router.huggingface.co/featherless-ai/v1/chat/completions "HTTP/1.1 200 OK"
2026-07-30 23:30:18,339 HTTP Request: POST https://router.huggingface.co/featherless-ai/v1/chat/completions "HTTP/1.1 200 OK"
2026-07-30 23:30:18,583 HTTP Request: POST https://router.huggingface.co/featherless-ai/v1/chat/completions "HTTP/1.1 200 OK"
2026-07-30 23:30:19,336 HTTP Request: POST https://router.huggingface.co/featherless-ai/v1/chat/completions "HTTP/1.1 200 OK"
2026-07-30 23:30:20,065 HTTP Request: POST https://router.huggingface.co/featherless-ai/v1/chat/completions "HTTP/1.1 200 OK"
2026-07-30 23:30:20,066 HTTP Request: POST https://router.huggingface.co/featherless-ai/v1/chat/completions "HTTP/1.1 200 OK"
2026-07-30 23:30:20,459 HTTP Request: POST https://router.huggingface.co/featherless-ai/v1/chat/completions "HTTP/1.1 200 OK"
2026-07-30 23:30:21,624 HTTP Request: POST https://router.huggingface.co/featherless-ai/v1/chat/completions "HTTP/1.1 200 OK"
2026-07-30 23:30:21,886 HTTP Request: POST https://router.huggingface.co/featherless-ai/v1/chat/completions "HTTP/1.1 200 OK"
2026-07-30 23:30:22,765 [25/4800] ok=25 fail=0 rate=0.5/s eta=9983s
2026-07-30 23:30:23,224 HTTP Request: POST https://router.huggingface.co/featherless-ai/v1/chat/completions "HTTP/1.1 200 OK"
2026-07-30 23:30:23,678 HTTP Request: POST https://router.huggingface.co/featherless-ai/v1/chat/completions "HTTP/1.1 200 OK"
2026-07-30 23:30:23,732 HTTP Request: POST https://router.huggingface.co/featherless-ai/v1/chat/completions "HTTP/1.1 200 OK"
2026-07-30 23:30:27,082 HTTP Request: POST https://router.huggingface.co/featherless-ai/v1/chat/completions "HTTP/1.1 200 OK"
2026-07-30 23:30:27,575 HTTP Request: POST https://router.huggingface.co/featherless-ai/v1/chat/completions "HTTP/1.1 200 OK"
2026-07-30 23:30:34,478 HTTP Request: POST https://router.huggingface.co/featherless-ai/v1/chat/completions "HTTP/1.1 200 OK"
2026-07-30 23:30:35,735 HTTP Request: POST https://router.huggingface.co/featherless-ai/v1/chat/completions "HTTP/1.1 200 OK"
2026-07-30 23:30:35,739 HTTP Request: POST https://router.huggingface.co/featherless-ai/v1/chat/completions "HTTP/1.1 200 OK"
2026-07-30 23:30:37,143 HTTP Request: POST https://router.huggingface.co/featherless-ai/v1/chat/completions "HTTP/1.1 200 OK"
2026-07-30 23:30:39,717 HTTP Request: POST https://router.huggingface.co/featherless-ai/v1/chat/completions "HTTP/1.1 200 OK"
2026-07-30 23:30:40,171 HTTP Request: POST https://router.huggingface.co/featherless-ai/v1/chat/completions "HTTP/1.1 200 OK"
2026-07-30 23:30:42,559 HTTP Request: POST https://router.huggingface.co/featherless-ai/v1/chat/completions "HTTP/1.1 200 OK"
2026-07-30 23:30:43,461 HTTP Request: POST https://router.huggingface.co/featherless-ai/v1/chat/completions "HTTP/1.1 200 OK"
2026-07-30 23:30:43,976 HTTP Request: POST https://router.huggingface.co/featherless-ai/v1/chat/completions "HTTP/1.1 200 OK"
2026-07-30 23:30:44,035 HTTP Request: POST https://router.huggingface.co/featherless-ai/v1/chat/completions "HTTP/1.1 200 OK"
2026-07-30 23:30:44,991 HTTP Request: POST https://router.huggingface.co/featherless-ai/v1/chat/completions "HTTP/1.1 200 OK"
2026-07-30 23:30:45,739 HTTP Request: POST https://router.huggingface.co/featherless-ai/v1/chat/completions "HTTP/1.1 200 OK"
2026-07-30 23:30:45,974 HTTP Request: POST https://router.huggingface.co/featherless-ai/v1/chat/completions "HTTP/1.1 200 OK"
2026-07-30 23:30:45,988 HTTP Request: POST https://router.huggingface.co/featherless-ai/v1/chat/completions "HTTP/1.1 200 OK"
2026-07-30 23:30:46,718 HTTP Request: POST https://router.huggingface.co/featherless-ai/v1/chat/completions "HTTP/1.1 200 OK"
2026-07-30 23:30:47,515 HTTP Request: POST https://router.huggingface.co/featherless-ai/v1/chat/completions "HTTP/1.1 200 OK"
2026-07-30 23:30:48,705 HTTP Request: POST https://router.huggingface.co/featherless-ai/v1/chat/completions "HTTP/1.1 200 OK"
2026-07-30 23:30:48,741 HTTP Request: POST https://router.huggingface.co/featherless-ai/v1/chat/completions "HTTP/1.1 200 OK"
2026-07-30 23:30:49,108 HTTP Request: POST https://router.huggingface.co/featherless-ai/v1/chat/completions "HTTP/1.1 200 OK"
2026-07-30 23:30:50,296 [50/4800] ok=50 fail=0 rate=0.6/s eta=7580s
2026-07-30 23:30:50,877 HTTP Request: POST https://router.huggingface.co/featherless-ai/v1/chat/completions "HTTP/1.1 200 OK"
2026-07-30 23:30:51,475 HTTP Request: POST https://router.huggingface.co/featherless-ai/v1/chat/completions "HTTP/1.1 200 OK"
2026-07-30 23:30:52,180 HTTP Request: POST https://router.huggingface.co/featherless-ai/v1/chat/completions "HTTP/1.1 200 OK"
2026-07-30 23:30:52,407 HTTP Request: POST https://router.huggingface.co/featherless-ai/v1/chat/completions "HTTP/1.1 200 OK"
2026-07-30 23:30:52,942 HTTP Request: POST https://router.huggingface.co/featherless-ai/v1/chat/completions "HTTP/1.1 200 OK"
2026-07-30 23:30:52,968 HTTP Request: POST https://router.huggingface.co/featherless-ai/v1/chat/completions "HTTP/1.1 200 OK"
2026-07-30 23:30:53,358 HTTP Request: POST https://router.huggingface.co/featherless-ai/v1/chat/completions "HTTP/1.1 200 OK"
2026-07-30 23:30:53,926 HTTP Request: POST https://router.huggingface.co/featherless-ai/v1/chat/completions "HTTP/1.1 200 OK"
2026-07-30 23:30:54,319 HTTP Request: POST https://router.huggingface.co/featherless-ai/v1/chat/completions "HTTP/1.1 200 OK"
2026-07-30 23:30:54,553 HTTP Request: POST https://router.huggingface.co/featherless-ai/v1/chat/completions "HTTP/1.1 200 OK"
2026-07-30 23:30:54,756 HTTP Request: POST https://router.huggingface.co/featherless-ai/v1/chat/completions "HTTP/1.1 200 OK"
2026-07-30 23:30:54,934 HTTP Request: POST https://router.huggingface.co/featherless-ai/v1/chat/completions "HTTP/1.1 200 OK"
2026-07-30 23:30:55,099 HTTP Request: POST https://router.huggingface.co/featherless-ai/v1/chat/completions "HTTP/1.1 200 OK"
2026-07-30 23:30:55,400 HTTP Request: POST https://router.huggingface.co/featherless-ai/v1/chat/completions "HTTP/1.1 200 OK"
2026-07-30 23:30:55,585 HTTP Request: POST https://router.huggingface.co/featherless-ai/v1/chat/completions "HTTP/1.1 200 OK"
2026-07-30 23:30:55,871 HTTP Request: POST https://router.huggingface.co/featherless-ai/v1/chat/completions "HTTP/1.1 200 OK"
2026-07-30 23:30:56,498 HTTP Request: POST https://router.huggingface.co/featherless-ai/v1/chat/completions "HTTP/1.1 200 OK"
2026-07-30 23:30:56,796 HTTP Request: POST https://router.huggingface.co/featherless-ai/v1/chat/completions "HTTP/1.1 200 OK"
2026-07-30 23:30:56,939 HTTP Request: POST https://router.huggingface.co/featherless-ai/v1/chat/completions "HTTP/1.1 200 OK"
2026-07-30 23:30:57,384 HTTP Request: POST https://router.huggingface.co/featherless-ai/v1/chat/completions "HTTP/1.1 200 OK"
2026-07-30 23:30:57,606 HTTP Request: POST https://router.huggingface.co/featherless-ai/v1/chat/completions "HTTP/1.1 200 OK"
2026-07-30 23:30:57,735 HTTP Request: POST https://router.huggingface.co/featherless-ai/v1/chat/completions "HTTP/1.1 200 OK"
2026-07-30 23:30:57,919 HTTP Request: POST https://router.huggingface.co/featherless-ai/v1/chat/completions "HTTP/1.1 200 OK"
2026-07-30 23:30:58,151 HTTP Request: POST https://router.huggingface.co/featherless-ai/v1/chat/completions "HTTP/1.1 200 OK"
2026-07-30 23:30:58,514 HTTP Request: POST https://router.huggingface.co/featherless-ai/v1/chat/completions "HTTP/1.1 200 OK"
2026-07-30 23:30:58,558 HTTP Request: POST https://router.huggingface.co/featherless-ai/v1/chat/completions "HTTP/1.1 200 OK"
2026-07-30 23:30:59,092 HTTP Request: POST https://router.huggingface.co/featherless-ai/v1/chat/completions "HTTP/1.1 200 OK"
2026-07-30 23:30:59,201 HTTP Request: POST https://router.huggingface.co/featherless-ai/v1/chat/completions "HTTP/1.1 200 OK"
2026-07-30 23:30:59,362 HTTP Request: POST https://router.huggingface.co/featherless-ai/v1/chat/completions "HTTP/1.1 200 OK"
2026-07-30 23:30:59,444 HTTP Request: POST https://router.huggingface.co/featherless-ai/v1/chat/completions "HTTP/1.1 200 OK"
2026-07-30 23:30:59,630 [75/4800] ok=75 fail=0 rate=0.8/s eta=5615s
2026-07-30 23:31:00,081 HTTP Request: POST https://router.huggingface.co/featherless-ai/v1/chat/completions "HTTP/1.1 200 OK"
2026-07-30 23:31:00,905 HTTP Request: POST https://router.huggingface.co/featherless-ai/v1/chat/completions "HTTP/1.1 200 OK"
2026-07-30 23:31:00,909 HTTP Request: POST https://router.huggingface.co/featherless-ai/v1/chat/completions "HTTP/1.1 200 OK"
2026-07-30 23:31:01,107 HTTP Request: POST https://router.huggingface.co/featherless-ai/v1/chat/completions "HTTP/1.1 200 OK"
2026-07-30 23:31:01,226 HTTP Request: POST https://router.huggingface.co/featherless-ai/v1/chat/completions "HTTP/1.1 200 OK"
2026-07-30 23:31:01,395 HTTP Request: POST https://router.huggingface.co/featherless-ai/v1/chat/completions "HTTP/1.1 200 OK"
2026-07-30 23:31:01,460 HTTP Request: POST https://router.huggingface.co/featherless-ai/v1/chat/completions "HTTP/1.1 200 OK"
2026-07-30 23:31:01,702 HTTP Request: POST https://router.huggingface.co/featherless-ai/v1/chat/completions "HTTP/1.1 200 OK"
2026-07-30 23:31:01,860 HTTP Request: POST https://router.huggingface.co/featherless-ai/v1/chat/completions "HTTP/1.1 200 OK"
2026-07-30 23:31:02,470 HTTP Request: POST https://router.huggingface.co/featherless-ai/v1/chat/completions "HTTP/1.1 200 OK"
2026-07-30 23:31:02,866 HTTP Request: POST https://router.huggingface.co/featherless-ai/v1/chat/completions "HTTP/1.1 200 OK"
2026-07-30 23:31:03,103 HTTP Request: POST https://router.huggingface.co/featherless-ai/v1/chat/completions "HTTP/1.1 200 OK"
2026-07-30 23:31:03,171 HTTP Request: POST https://router.huggingface.co/featherless-ai/v1/chat/completions "HTTP/1.1 200 OK"
2026-07-30 23:31:03,372 HTTP Request: POST https://router.huggingface.co/featherless-ai/v1/chat/completions "HTTP/1.1 200 OK"
2026-07-30 23:31:04,585 HTTP Request: POST https://router.huggingface.co/featherless-ai/v1/chat/completions "HTTP/1.1 200 OK"
2026-07-30 23:31:04,710 HTTP Request: POST https://router.huggingface.co/featherless-ai/v1/chat/completions "HTTP/1.1 200 OK"
2026-07-30 23:31:05,075 HTTP Request: POST https://router.huggingface.co/featherless-ai/v1/chat/completions "HTTP/1.1 200 OK"
2026-07-30 23:31:05,206 HTTP Request: POST https://router.huggingface.co/featherless-ai/v1/chat/completions "HTTP/1.1 200 OK"
2026-07-30 23:31:05,420 HTTP Request: POST https://router.huggingface.co/featherless-ai/v1/chat/completions "HTTP/1.1 200 OK"
2026-07-30 23:31:06,122 HTTP Request: POST https://router.huggingface.co/featherless-ai/v1/chat/completions "HTTP/1.1 200 OK"
2026-07-30 23:31:06,124 HTTP Request: POST https://router.huggingface.co/featherless-ai/v1/chat/completions "HTTP/1.1 200 OK"
2026-07-30 23:31:06,177 HTTP Request: POST https://router.huggingface.co/featherless-ai/v1/chat/completions "HTTP/1.1 200 OK"
2026-07-30 23:31:06,717 HTTP Request: POST https://router.huggingface.co/featherless-ai/v1/chat/completions "HTTP/1.1 200 OK"
2026-07-30 23:31:06,994 HTTP Request: POST https://router.huggingface.co/featherless-ai/v1/chat/completions "HTTP/1.1 200 OK"
2026-07-30 23:31:07,102 [100/4800] ok=100 fail=0 rate=1.0/s eta=4540s
2026-07-30 23:31:07,216 HTTP Request: POST https://router.huggingface.co/featherless-ai/v1/chat/completions "HTTP/1.1 200 OK"
2026-07-30 23:31:07,567 HTTP Request: POST https://router.huggingface.co/featherless-ai/v1/chat/completions "HTTP/1.1 200 OK"
2026-07-30 23:31:07,649 HTTP Request: POST https://router.huggingface.co/featherless-ai/v1/chat/completions "HTTP/1.1 200 OK"
2026-07-30 23:31:07,686 HTTP Request: POST https://router.huggingface.co/featherless-ai/v1/chat/completions "HTTP/1.1 200 OK"
2026-07-30 23:31:07,969 HTTP Request: POST https://router.huggingface.co/featherless-ai/v1/chat/completions "HTTP/1.1 200 OK"
2026-07-30 23:31:08,161 HTTP Request: POST https://router.huggingface.co/featherless-ai/v1/chat/completions "HTTP/1.1 200 OK"
2026-07-30 23:31:08,735 HTTP Request: POST https://router.huggingface.co/featherless-ai/v1/chat/completions "HTTP/1.1 200 OK"
2026-07-30 23:31:09,083 HTTP Request: POST https://router.huggingface.co/featherless-ai/v1/chat/completions "HTTP/1.1 200 OK"
2026-07-30 23:31:09,419 HTTP Request: POST https://router.huggingface.co/featherless-ai/v1/chat/completions "HTTP/1.1 200 OK"
2026-07-30 23:31:09,821 HTTP Request: POST https://router.huggingface.co/featherless-ai/v1/chat/completions "HTTP/1.1 200 OK"
2026-07-30 23:31:09,825 HTTP Request: POST https://router.huggingface.co/featherless-ai/v1/chat/completions "HTTP/1.1 200 OK"
2026-07-30 23:31:10,277 HTTP Request: POST https://router.huggingface.co/featherless-ai/v1/chat/completions "HTTP/1.1 200 OK"
2026-07-30 23:31:10,365 HTTP Request: POST https://router.huggingface.co/featherless-ai/v1/chat/completions "HTTP/1.1 200 OK"
2026-07-30 23:31:11,235 HTTP Request: POST https://router.huggingface.co/featherless-ai/v1/chat/completions "HTTP/1.1 200 OK"
2026-07-30 23:31:11,567 HTTP Request: POST https://router.huggingface.co/featherless-ai/v1/chat/completions "HTTP/1.1 200 OK"
2026-07-30 23:31:11,833 HTTP Request: POST https://router.huggingface.co/featherless-ai/v1/chat/completions "HTTP/1.1 200 OK"
2026-07-30 23:31:12,057 HTTP Request: POST https://router.huggingface.co/featherless-ai/v1/chat/completions "HTTP/1.1 200 OK"
2026-07-30 23:31:12,253 HTTP Request: POST https://router.huggingface.co/featherless-ai/v1/chat/completions "HTTP/1.1 200 OK"
2026-07-30 23:31:12,274 HTTP Request: POST https://router.huggingface.co/featherless-ai/v1/chat/completions "HTTP/1.1 200 OK"
2026-07-30 23:31:12,957 HTTP Request: POST https://router.huggingface.co/featherless-ai/v1/chat/completions "HTTP/1.1 200 OK"
2026-07-30 23:31:13,358 HTTP Request: POST https://router.huggingface.co/featherless-ai/v1/chat/completions "HTTP/1.1 200 OK"
2026-07-30 23:31:13,368 HTTP Request: POST https://router.huggingface.co/featherless-ai/v1/chat/completions "HTTP/1.1 200 OK"
2026-07-30 23:31:13,551 HTTP Request: POST https://router.huggingface.co/featherless-ai/v1/chat/completions "HTTP/1.1 200 OK"
2026-07-30 23:31:13,668 HTTP Request: POST https://router.huggingface.co/featherless-ai/v1/chat/completions "HTTP/1.1 200 OK"
2026-07-30 23:31:13,796 HTTP Request: POST https://router.huggingface.co/featherless-ai/v1/chat/completions "HTTP/1.1 200 OK"
2026-07-30 23:31:14,178 HTTP Request: POST https://router.huggingface.co/featherless-ai/v1/chat/completions "HTTP/1.1 200 OK"
2026-07-30 23:31:14,527 [125/4800] ok=125 fail=0 rate=1.2/s eta=3890s
2026-07-30 23:31:14,610 HTTP Request: POST https://router.huggingface.co/featherless-ai/v1/chat/completions "HTTP/1.1 200 OK"
2026-07-30 23:31:14,697 HTTP Request: POST https://router.huggingface.co/featherless-ai/v1/chat/completions "HTTP/1.1 200 OK"
2026-07-30 23:31:15,141 HTTP Request: POST https://router.huggingface.co/featherless-ai/v1/chat/completions "HTTP/1.1 200 OK"
2026-07-30 23:31:15,566 HTTP Request: POST https://router.huggingface.co/featherless-ai/v1/chat/completions "HTTP/1.1 200 OK"
2026-07-30 23:31:15,592 HTTP Request: POST https://router.huggingface.co/featherless-ai/v1/chat/completions "HTTP/1.1 200 OK"
2026-07-30 23:31:15,769 HTTP Request: POST https://router.huggingface.co/featherless-ai/v1/chat/completions "HTTP/1.1 200 OK"
2026-07-30 23:31:16,244 HTTP Request: POST https://router.huggingface.co/featherless-ai/v1/chat/completions "HTTP/1.1 200 OK"
2026-07-30 23:31:16,805 HTTP Request: POST https://router.huggingface.co/featherless-ai/v1/chat/completions "HTTP/1.1 200 OK"
2026-07-30 23:31:16,871 HTTP Request: POST https://router.huggingface.co/featherless-ai/v1/chat/completions "HTTP/1.1 200 OK"
2026-07-30 23:31:17,196 HTTP Request: POST https://router.huggingface.co/featherless-ai/v1/chat/completions "HTTP/1.1 200 OK"
2026-07-30 23:31:17,621 HTTP Request: POST https://router.huggingface.co/featherless-ai/v1/chat/completions "HTTP/1.1 200 OK"
2026-07-30 23:31:17,868 HTTP Request: POST https://router.huggingface.co/featherless-ai/v1/chat/completions "HTTP/1.1 200 OK"
2026-07-30 23:31:18,001 HTTP Request: POST https://router.huggingface.co/featherless-ai/v1/chat/completions "HTTP/1.1 200 OK"
2026-07-30 23:31:18,175 HTTP Request: POST https://router.huggingface.co/featherless-ai/v1/chat/completions "HTTP/1.1 200 OK"
2026-07-30 23:31:18,408 HTTP Request: POST https://router.huggingface.co/featherless-ai/v1/chat/completions "HTTP/1.1 200 OK"
2026-07-30 23:31:18,678 HTTP Request: POST https://router.huggingface.co/featherless-ai/v1/chat/completions "HTTP/1.1 200 OK"
2026-07-30 23:31:19,521 HTTP Request: POST https://router.huggingface.co/featherless-ai/v1/chat/completions "HTTP/1.1 200 OK"
2026-07-30 23:31:19,733 HTTP Request: POST https://router.huggingface.co/featherless-ai/v1/chat/completions "HTTP/1.1 200 OK"
2026-07-30 23:31:19,902 HTTP Request: POST https://router.huggingface.co/featherless-ai/v1/chat/completions "HTTP/1.1 200 OK"
2026-07-30 23:31:20,209 HTTP Request: POST https://router.huggingface.co/featherless-ai/v1/chat/completions "HTTP/1.1 200 OK"
2026-07-30 23:31:20,389 HTTP Request: POST https://router.huggingface.co/featherless-ai/v1/chat/completions "HTTP/1.1 200 OK"
2026-07-30 23:31:20,614 HTTP Request: POST https://router.huggingface.co/featherless-ai/v1/chat/completions "HTTP/1.1 200 OK"
2026-07-30 23:31:20,639 HTTP Request: POST https://router.huggingface.co/featherless-ai/v1/chat/completions "HTTP/1.1 200 OK"
2026-07-30 23:31:21,339 [150/4800] ok=150 fail=0 rate=1.4/s eta=3436s
2026-07-30 23:31:21,503 HTTP Request: POST https://router.huggingface.co/featherless-ai/v1/chat/completions "HTTP/1.1 200 OK"
2026-07-30 23:31:21,851 HTTP Request: POST https://router.huggingface.co/featherless-ai/v1/chat/completions "HTTP/1.1 200 OK"
2026-07-30 23:31:22,042 HTTP Request: POST https://router.huggingface.co/featherless-ai/v1/chat/completions "HTTP/1.1 200 OK"
2026-07-30 23:31:22,094 HTTP Request: POST https://router.huggingface.co/featherless-ai/v1/chat/completions "HTTP/1.1 200 OK"
2026-07-30 23:31:22,452 HTTP Request: POST https://router.huggingface.co/featherless-ai/v1/chat/completions "HTTP/1.1 200 OK"
2026-07-30 23:31:22,523 HTTP Request: POST https://router.huggingface.co/featherless-ai/v1/chat/completions "HTTP/1.1 200 OK"
2026-07-30 23:31:22,533 HTTP Request: POST https://router.huggingface.co/featherless-ai/v1/chat/completions "HTTP/1.1 200 OK"
2026-07-30 23:31:23,701 HTTP Request: POST https://router.huggingface.co/featherless-ai/v1/chat/completions "HTTP/1.1 200 OK"
2026-07-30 23:31:23,943 HTTP Request: POST https://router.huggingface.co/featherless-ai/v1/chat/completions "HTTP/1.1 200 OK"
2026-07-30 23:31:24,078 HTTP Request: POST https://router.huggingface.co/featherless-ai/v1/chat/completions "HTTP/1.1 200 OK"
2026-07-30 23:31:24,087 HTTP Request: POST https://router.huggingface.co/featherless-ai/v1/chat/completions "HTTP/1.1 200 OK"
2026-07-30 23:31:24,352 HTTP Request: POST https://router.huggingface.co/featherless-ai/v1/chat/completions "HTTP/1.1 200 OK"
2026-07-30 23:31:24,626 HTTP Request: POST https://router.huggingface.co/featherless-ai/v1/chat/completions "HTTP/1.1 200 OK"
2026-07-30 23:31:25,354 HTTP Request: POST https://router.huggingface.co/featherless-ai/v1/chat/completions "HTTP/1.1 200 OK"
2026-07-30 23:31:25,570 HTTP Request: POST https://router.huggingface.co/featherless-ai/v1/chat/completions "HTTP/1.1 200 OK"
2026-07-30 23:31:25,664 HTTP Request: POST https://router.huggingface.co/featherless-ai/v1/chat/completions "HTTP/1.1 200 OK"
2026-07-30 23:31:25,665 HTTP Request: POST https://router.huggingface.co/featherless-ai/v1/chat/completions "HTTP/1.1 200 OK"
2026-07-30 23:31:26,048 HTTP Request: POST https://router.huggingface.co/featherless-ai/v1/chat/completions "HTTP/1.1 200 OK"
2026-07-30 23:31:26,213 HTTP Request: POST https://router.huggingface.co/featherless-ai/v1/chat/completions "HTTP/1.1 200 OK"
2026-07-30 23:31:27,551 HTTP Request: POST https://router.huggingface.co/featherless-ai/v1/chat/completions "HTTP/1.1 200 OK"
2026-07-30 23:31:28,089 HTTP Request: POST https://router.huggingface.co/featherless-ai/v1/chat/completions "HTTP/1.1 200 OK"
2026-07-30 23:31:28,361 HTTP Request: POST https://router.huggingface.co/featherless-ai/v1/chat/completions "HTTP/1.1 200 OK"
2026-07-30 23:31:28,408 HTTP Request: POST https://router.huggingface.co/featherless-ai/v1/chat/completions "HTTP/1.1 200 OK"
2026-07-30 23:31:28,413 HTTP Request: POST https://router.huggingface.co/featherless-ai/v1/chat/completions "HTTP/1.1 200 OK"
2026-07-30 23:31:29,096 HTTP Request: POST https://router.huggingface.co/featherless-ai/v1/chat/completions "HTTP/1.1 200 OK"
2026-07-30 23:31:29,646 HTTP Request: POST https://router.huggingface.co/featherless-ai/v1/chat/completions "HTTP/1.1 200 OK"
2026-07-30 23:31:29,986 HTTP Request: POST https://router.huggingface.co/featherless-ai/v1/chat/completions "HTTP/1.1 200 OK"
2026-07-30 23:31:30,063 HTTP Request: POST https://router.huggingface.co/featherless-ai/v1/chat/completions "HTTP/1.1 200 OK"
2026-07-30 23:31:30,281 [175/4800] ok=175 fail=0 rate=1.5/s eta=3165s
2026-07-30 23:31:31,156 HTTP Request: POST https://router.huggingface.co/featherless-ai/v1/chat/completions "HTTP/1.1 200 OK"
2026-07-30 23:31:31,316 HTTP Request: POST https://router.huggingface.co/featherless-ai/v1/chat/completions "HTTP/1.1 200 OK"
2026-07-30 23:31:31,732 HTTP Request: POST https://router.huggingface.co/featherless-ai/v1/chat/completions "HTTP/1.1 200 OK"
2026-07-30 23:31:31,763 HTTP Request: POST https://router.huggingface.co/featherless-ai/v1/chat/completions "HTTP/1.1 200 OK"
2026-07-30 23:31:31,816 HTTP Request: POST https://router.huggingface.co/featherless-ai/v1/chat/completions "HTTP/1.1 200 OK"
2026-07-30 23:31:31,824 HTTP Request: POST https://router.huggingface.co/featherless-ai/v1/chat/completions "HTTP/1.1 200 OK"
2026-07-30 23:31:31,975 HTTP Request: POST https://router.huggingface.co/featherless-ai/v1/chat/completions "HTTP/1.1 200 OK"
2026-07-30 23:31:33,075 HTTP Request: POST https://router.huggingface.co/featherless-ai/v1/chat/completions "HTTP/1.1 200 OK"
2026-07-30 23:31:33,341 HTTP Request: POST https://router.huggingface.co/featherless-ai/v1/chat/completions "HTTP/1.1 200 OK"
2026-07-30 23:31:33,518 HTTP Request: POST https://router.huggingface.co/featherless-ai/v1/chat/completions "HTTP/1.1 200 OK"
2026-07-30 23:31:33,754 HTTP Request: POST https://router.huggingface.co/featherless-ai/v1/chat/completions "HTTP/1.1 200 OK"
2026-07-30 23:31:33,998 HTTP Request: POST https://router.huggingface.co/featherless-ai/v1/chat/completions "HTTP/1.1 200 OK"
2026-07-30 23:31:34,129 HTTP Request: POST https://router.huggingface.co/featherless-ai/v1/chat/completions "HTTP/1.1 200 OK"
2026-07-30 23:31:34,722 HTTP Request: POST https://router.huggingface.co/featherless-ai/v1/chat/completions "HTTP/1.1 200 OK"
2026-07-30 23:31:34,894 HTTP Request: POST https://router.huggingface.co/featherless-ai/v1/chat/completions "HTTP/1.1 200 OK"
2026-07-30 23:31:35,172 HTTP Request: POST https://router.huggingface.co/featherless-ai/v1/chat/completions "HTTP/1.1 200 OK"
2026-07-30 23:31:35,355 HTTP Request: POST https://router.huggingface.co/featherless-ai/v1/chat/completions "HTTP/1.1 200 OK"
2026-07-30 23:31:35,697 HTTP Request: POST https://router.huggingface.co/featherless-ai/v1/chat/completions "HTTP/1.1 200 OK"
2026-07-30 23:31:35,917 HTTP Request: POST https://router.huggingface.co/featherless-ai/v1/chat/completions "HTTP/1.1 200 OK"
2026-07-30 23:31:35,950 HTTP Request: POST https://router.huggingface.co/featherless-ai/v1/chat/completions "HTTP/1.1 200 OK"
2026-07-30 23:31:36,420 HTTP Request: POST https://router.huggingface.co/featherless-ai/v1/chat/completions "HTTP/1.1 200 OK"
2026-07-30 23:31:36,653 HTTP Request: POST https://router.huggingface.co/featherless-ai/v1/chat/completions "HTTP/1.1 200 OK"
2026-07-30 23:31:36,876 HTTP Request: POST https://router.huggingface.co/featherless-ai/v1/chat/completions "HTTP/1.1 200 OK"
2026-07-30 23:31:37,216 HTTP Request: POST https://router.huggingface.co/featherless-ai/v1/chat/completions "HTTP/1.1 200 OK"
2026-07-30 23:31:37,236 HTTP Request: POST https://router.huggingface.co/featherless-ai/v1/chat/completions "HTTP/1.1 200 OK"
2026-07-30 23:31:37,507 [200/4800] ok=200 fail=0 rate=1.6/s eta=2921s
2026-07-30 23:31:37,577 HTTP Request: POST https://router.huggingface.co/featherless-ai/v1/chat/completions "HTTP/1.1 200 OK"
2026-07-30 23:31:37,836 HTTP Request: POST https://router.huggingface.co/featherless-ai/v1/chat/completions "HTTP/1.1 200 OK"
2026-07-30 23:31:37,979 HTTP Request: POST https://router.huggingface.co/featherless-ai/v1/chat/completions "HTTP/1.1 200 OK"
2026-07-30 23:31:38,220 HTTP Request: POST https://router.huggingface.co/featherless-ai/v1/chat/completions "HTTP/1.1 200 OK"
2026-07-30 23:31:38,401 HTTP Request: POST https://router.huggingface.co/featherless-ai/v1/chat/completions "HTTP/1.1 200 OK"
2026-07-30 23:31:38,670 HTTP Request: POST https://router.huggingface.co/featherless-ai/v1/chat/completions "HTTP/1.1 200 OK"
2026-07-30 23:31:38,902 HTTP Request: POST https://router.huggingface.co/featherless-ai/v1/chat/completions "HTTP/1.1 200 OK"
2026-07-30 23:31:39,094 HTTP Request: POST https://router.huggingface.co/featherless-ai/v1/chat/completions "HTTP/1.1 200 OK"
2026-07-30 23:31:39,458 HTTP Request: POST https://router.huggingface.co/featherless-ai/v1/chat/completions "HTTP/1.1 200 OK"
2026-07-30 23:31:39,460 HTTP Request: POST https://router.huggingface.co/featherless-ai/v1/chat/completions "HTTP/1.1 200 OK"
2026-07-30 23:31:39,703 HTTP Request: POST https://router.huggingface.co/featherless-ai/v1/chat/completions "HTTP/1.1 200 OK"
2026-07-30 23:31:39,855 HTTP Request: POST https://router.huggingface.co/featherless-ai/v1/chat/completions "HTTP/1.1 200 OK"
2026-07-30 23:31:40,158 HTTP Request: POST https://router.huggingface.co/featherless-ai/v1/chat/completions "HTTP/1.1 200 OK"
2026-07-30 23:31:40,571 HTTP Request: POST https://router.huggingface.co/featherless-ai/v1/chat/completions "HTTP/1.1 200 OK"
2026-07-30 23:31:40,771 HTTP Request: POST https://router.huggingface.co/featherless-ai/v1/chat/completions "HTTP/1.1 200 OK"
2026-07-30 23:31:40,905 HTTP Request: POST https://router.huggingface.co/featherless-ai/v1/chat/completions "HTTP/1.1 200 OK"
2026-07-30 23:31:41,105 HTTP Request: POST https://router.huggingface.co/featherless-ai/v1/chat/completions "HTTP/1.1 200 OK"
2026-07-30 23:31:41,525 HTTP Request: POST https://router.huggingface.co/featherless-ai/v1/chat/completions "HTTP/1.1 200 OK"
2026-07-30 23:31:41,543 HTTP Request: POST https://router.huggingface.co/featherless-ai/v1/chat/completions "HTTP/1.1 200 OK"
2026-07-30 23:31:41,645 HTTP Request: POST https://router.huggingface.co/featherless-ai/v1/chat/completions "HTTP/1.1 200 OK"
2026-07-30 23:31:42,617 HTTP Request: POST https://router.huggingface.co/featherless-ai/v1/chat/completions "HTTP/1.1 200 OK"
2026-07-30 23:31:42,795 HTTP Request: POST https://router.huggingface.co/featherless-ai/v1/chat/completions "HTTP/1.1 200 OK"
2026-07-30 23:31:42,804 HTTP Request: POST https://router.huggingface.co/featherless-ai/v1/chat/completions "HTTP/1.1 200 OK"
2026-07-30 23:31:43,058 HTTP Request: POST https://router.huggingface.co/featherless-ai/v1/chat/completions "HTTP/1.1 200 OK"
2026-07-30 23:31:43,061 [225/4800] ok=225 fail=0 rate=1.7/s eta=2695s
2026-07-30 23:31:43,336 HTTP Request: POST https://router.huggingface.co/featherless-ai/v1/chat/completions "HTTP/1.1 200 OK"
2026-07-30 23:31:43,527 HTTP Request: POST https://router.huggingface.co/featherless-ai/v1/chat/completions "HTTP/1.1 200 OK"
2026-07-30 23:31:43,639 HTTP Request: POST https://router.huggingface.co/featherless-ai/v1/chat/completions "HTTP/1.1 200 OK"
2026-07-30 23:31:44,293 HTTP Request: POST https://router.huggingface.co/featherless-ai/v1/chat/completions "HTTP/1.1 200 OK"
2026-07-30 23:31:44,750 HTTP Request: POST https://router.huggingface.co/featherless-ai/v1/chat/completions "HTTP/1.1 200 OK"
2026-07-30 23:31:44,752 HTTP Request: POST https://router.huggingface.co/featherless-ai/v1/chat/completions "HTTP/1.1 200 OK"
2026-07-30 23:31:45,023 HTTP Request: POST https://router.huggingface.co/featherless-ai/v1/chat/completions "HTTP/1.1 200 OK"
2026-07-30 23:31:45,211 HTTP Request: POST https://router.huggingface.co/featherless-ai/v1/chat/completions "HTTP/1.1 200 OK"
2026-07-30 23:31:45,312 HTTP Request: POST https://router.huggingface.co/featherless-ai/v1/chat/completions "HTTP/1.1 200 OK"
2026-07-30 23:31:45,447 HTTP Request: POST https://router.huggingface.co/featherless-ai/v1/chat/completions "HTTP/1.1 200 OK"
2026-07-30 23:31:45,619 HTTP Request: POST https://router.huggingface.co/featherless-ai/v1/chat/completions "HTTP/1.1 200 OK"
2026-07-30 23:31:45,821 HTTP Request: POST https://router.huggingface.co/featherless-ai/v1/chat/completions "HTTP/1.1 200 OK"
2026-07-30 23:31:46,335 HTTP Request: POST https://router.huggingface.co/featherless-ai/v1/chat/completions "HTTP/1.1 200 OK"
2026-07-30 23:31:46,494 HTTP Request: POST https://router.huggingface.co/featherless-ai/v1/chat/completions "HTTP/1.1 200 OK"
2026-07-30 23:31:46,833 HTTP Request: POST https://router.huggingface.co/featherless-ai/v1/chat/completions "HTTP/1.1 200 OK"
2026-07-30 23:31:46,943 HTTP Request: POST https://router.huggingface.co/featherless-ai/v1/chat/completions "HTTP/1.1 200 OK"
2026-07-30 23:31:47,383 HTTP Request: POST https://router.huggingface.co/featherless-ai/v1/chat/completions "HTTP/1.1 200 OK"
2026-07-30 23:31:47,474 HTTP Request: POST https://router.huggingface.co/featherless-ai/v1/chat/completions "HTTP/1.1 200 OK"
2026-07-30 23:31:47,763 HTTP Request: POST https://router.huggingface.co/featherless-ai/v1/chat/completions "HTTP/1.1 200 OK"
2026-07-30 23:31:48,167 HTTP Request: POST https://router.huggingface.co/featherless-ai/v1/chat/completions "HTTP/1.1 200 OK"
2026-07-30 23:31:48,416 HTTP Request: POST https://router.huggingface.co/featherless-ai/v1/chat/completions "HTTP/1.1 200 OK"
2026-07-30 23:31:48,638 HTTP Request: POST https://router.huggingface.co/featherless-ai/v1/chat/completions "HTTP/1.1 200 OK"
2026-07-30 23:31:48,908 HTTP Request: POST https://router.huggingface.co/featherless-ai/v1/chat/completions "HTTP/1.1 200 OK"
2026-07-30 23:31:49,053 HTTP Request: POST https://router.huggingface.co/featherless-ai/v1/chat/completions "HTTP/1.1 200 OK"
2026-07-30 23:31:49,244 [250/4800] ok=250 fail=0 rate=1.8/s eta=2525s
2026-07-30 23:31:49,287 HTTP Request: POST https://router.huggingface.co/featherless-ai/v1/chat/completions "HTTP/1.1 200 OK"
2026-07-30 23:31:49,654 HTTP Request: POST https://router.huggingface.co/featherless-ai/v1/chat/completions "HTTP/1.1 200 OK"
2026-07-30 23:31:49,933 HTTP Request: POST https://router.huggingface.co/featherless-ai/v1/chat/completions "HTTP/1.1 200 OK"
2026-07-30 23:31:50,048 HTTP Request: POST https://router.huggingface.co/featherless-ai/v1/chat/completions "HTTP/1.1 200 OK"
2026-07-30 23:31:50,293 HTTP Request: POST https://router.huggingface.co/featherless-ai/v1/chat/completions "HTTP/1.1 200 OK"
2026-07-30 23:31:50,305 HTTP Request: POST https://router.huggingface.co/featherless-ai/v1/chat/completions "HTTP/1.1 200 OK"
2026-07-30 23:31:50,482 HTTP Request: POST https://router.huggingface.co/featherless-ai/v1/chat/completions "HTTP/1.1 200 OK"
2026-07-30 23:31:50,701 HTTP Request: POST https://router.huggingface.co/featherless-ai/v1/chat/completions "HTTP/1.1 200 OK"
2026-07-30 23:31:50,869 HTTP Request: POST https://router.huggingface.co/featherless-ai/v1/chat/completions "HTTP/1.1 200 OK"
2026-07-30 23:31:51,481 HTTP Request: POST https://router.huggingface.co/featherless-ai/v1/chat/completions "HTTP/1.1 200 OK"
2026-07-30 23:31:51,770 HTTP Request: POST https://router.huggingface.co/featherless-ai/v1/chat/completions "HTTP/1.1 200 OK"
2026-07-30 23:31:52,158 HTTP Request: POST https://router.huggingface.co/featherless-ai/v1/chat/completions "HTTP/1.1 200 OK"
2026-07-30 23:31:52,168 HTTP Request: POST https://router.huggingface.co/featherless-ai/v1/chat/completions "HTTP/1.1 200 OK"
2026-07-30 23:31:52,257 HTTP Request: POST https://router.huggingface.co/featherless-ai/v1/chat/completions "HTTP/1.1 200 OK"
2026-07-30 23:31:52,399 HTTP Request: POST https://router.huggingface.co/featherless-ai/v1/chat/completions "HTTP/1.1 200 OK"
2026-07-30 23:31:52,459 HTTP Request: POST https://router.huggingface.co/featherless-ai/v1/chat/completions "HTTP/1.1 200 OK"
2026-07-30 23:31:53,066 HTTP Request: POST https://router.huggingface.co/featherless-ai/v1/chat/completions "HTTP/1.1 200 OK"
2026-07-30 23:31:53,328 HTTP Request: POST https://router.huggingface.co/featherless-ai/v1/chat/completions "HTTP/1.1 200 OK"
2026-07-30 23:31:53,419 HTTP Request: POST https://router.huggingface.co/featherless-ai/v1/chat/completions "HTTP/1.1 200 OK"
2026-07-30 23:31:53,758 HTTP Request: POST https://router.huggingface.co/featherless-ai/v1/chat/completions "HTTP/1.1 200 OK"
2026-07-30 23:31:53,954 HTTP Request: POST https://router.huggingface.co/featherless-ai/v1/chat/completions "HTTP/1.1 200 OK"
2026-07-30 23:31:54,176 HTTP Request: POST https://router.huggingface.co/featherless-ai/v1/chat/completions "HTTP/1.1 200 OK"
2026-07-30 23:31:54,472 HTTP Request: POST https://router.huggingface.co/featherless-ai/v1/chat/completions "HTTP/1.1 200 OK"
2026-07-30 23:31:54,664 HTTP Request: POST https://router.huggingface.co/featherless-ai/v1/chat/completions "HTTP/1.1 200 OK"
2026-07-30 23:31:54,739 HTTP Request: POST https://router.huggingface.co/featherless-ai/v1/chat/completions "HTTP/1.1 200 OK"
2026-07-30 23:31:55,100 [275/4800] ok=275 fail=0 rate=1.9/s eta=2379s
2026-07-30 23:31:55,140 HTTP Request: POST https://router.huggingface.co/featherless-ai/v1/chat/completions "HTTP/1.1 200 OK"
2026-07-30 23:31:55,141 HTTP Request: POST https://router.huggingface.co/featherless-ai/v1/chat/completions "HTTP/1.1 200 OK"
2026-07-30 23:31:55,413 HTTP Request: POST https://router.huggingface.co/featherless-ai/v1/chat/completions "HTTP/1.1 200 OK"
2026-07-30 23:31:55,547 HTTP Request: POST https://router.huggingface.co/featherless-ai/v1/chat/completions "HTTP/1.1 200 OK"
2026-07-30 23:31:56,194 HTTP Request: POST https://router.huggingface.co/featherless-ai/v1/chat/completions "HTTP/1.1 200 OK"
2026-07-30 23:31:56,325 HTTP Request: POST https://router.huggingface.co/featherless-ai/v1/chat/completions "HTTP/1.1 200 OK"
2026-07-30 23:31:56,526 HTTP Request: POST https://router.huggingface.co/featherless-ai/v1/chat/completions "HTTP/1.1 200 OK"
2026-07-30 23:31:56,818 HTTP Request: POST https://router.huggingface.co/featherless-ai/v1/chat/completions "HTTP/1.1 200 OK"
2026-07-30 23:31:57,023 HTTP Request: POST https://router.huggingface.co/featherless-ai/v1/chat/completions "HTTP/1.1 200 OK"
2026-07-30 23:31:57,296 HTTP Request: POST https://router.huggingface.co/featherless-ai/v1/chat/completions "HTTP/1.1 200 OK"
2026-07-30 23:31:57,347 HTTP Request: POST https://router.huggingface.co/featherless-ai/v1/chat/completions "HTTP/1.1 200 OK"
2026-07-30 23:31:57,572 HTTP Request: POST https://router.huggingface.co/featherless-ai/v1/chat/completions "HTTP/1.1 200 OK"
2026-07-30 23:31:57,811 HTTP Request: POST https://router.huggingface.co/featherless-ai/v1/chat/completions "HTTP/1.1 200 OK"
2026-07-30 23:31:58,048 HTTP Request: POST https://router.huggingface.co/featherless-ai/v1/chat/completions "HTTP/1.1 200 OK"
2026-07-30 23:31:58,332 HTTP Request: POST https://router.huggingface.co/featherless-ai/v1/chat/completions "HTTP/1.1 200 OK"
2026-07-30 23:31:58,382 HTTP Request: POST https://router.huggingface.co/featherless-ai/v1/chat/completions "HTTP/1.1 200 OK"
2026-07-30 23:31:58,557 HTTP Request: POST https://router.huggingface.co/featherless-ai/v1/chat/completions "HTTP/1.1 200 OK"
2026-07-30 23:31:58,957 HTTP Request: POST https://router.huggingface.co/featherless-ai/v1/chat/completions "HTTP/1.1 200 OK"
2026-07-30 23:31:59,084 HTTP Request: POST https://router.huggingface.co/featherless-ai/v1/chat/completions "HTTP/1.1 200 OK"
2026-07-30 23:31:59,306 HTTP Request: POST https://router.huggingface.co/featherless-ai/v1/chat/completions "HTTP/1.1 200 OK"
2026-07-30 23:31:59,592 HTTP Request: POST https://router.huggingface.co/featherless-ai/v1/chat/completions "HTTP/1.1 200 OK"
2026-07-30 23:31:59,865 HTTP Request: POST https://router.huggingface.co/featherless-ai/v1/chat/completions "HTTP/1.1 200 OK"
2026-07-30 23:32:00,393 HTTP Request: POST https://router.huggingface.co/featherless-ai/v1/chat/completions "HTTP/1.1 200 OK"
2026-07-30 23:32:00,401 HTTP Request: POST https://router.huggingface.co/featherless-ai/v1/chat/completions "HTTP/1.1 200 OK"
2026-07-30 23:32:00,408 HTTP Request: POST https://router.huggingface.co/featherless-ai/v1/chat/completions "HTTP/1.1 200 OK"
2026-07-30 23:32:00,684 HTTP Request: POST https://router.huggingface.co/featherless-ai/v1/chat/completions "HTTP/1.1 200 OK"
2026-07-30 23:32:00,757 [300/4800] ok=300 fail=0 rate=2.0/s eta=2253s
2026-07-30 23:32:01,054 HTTP Request: POST https://router.huggingface.co/featherless-ai/v1/chat/completions "HTTP/1.1 200 OK"
2026-07-30 23:32:01,161 HTTP Request: POST https://router.huggingface.co/featherless-ai/v1/chat/completions "HTTP/1.1 200 OK"
2026-07-30 23:32:01,171 HTTP Request: POST https://router.huggingface.co/featherless-ai/v1/chat/completions "HTTP/1.1 200 OK"
2026-07-30 23:32:01,589 HTTP Request: POST https://router.huggingface.co/featherless-ai/v1/chat/completions "HTTP/1.1 200 OK"
2026-07-30 23:32:01,925 HTTP Request: POST https://router.huggingface.co/featherless-ai/v1/chat/completions "HTTP/1.1 200 OK"
2026-07-30 23:32:02,078 HTTP Request: POST https://router.huggingface.co/featherless-ai/v1/chat/completions "HTTP/1.1 200 OK"
2026-07-30 23:32:02,262 HTTP Request: POST https://router.huggingface.co/featherless-ai/v1/chat/completions "HTTP/1.1 200 OK"
2026-07-30 23:32:02,545 HTTP Request: POST https://router.huggingface.co/featherless-ai/v1/chat/completions "HTTP/1.1 200 OK"
2026-07-30 23:32:02,650 HTTP Request: POST https://router.huggingface.co/featherless-ai/v1/chat/completions "HTTP/1.1 200 OK"
2026-07-30 23:32:02,941 HTTP Request: POST https://router.huggingface.co/featherless-ai/v1/chat/completions "HTTP/1.1 200 OK"
2026-07-30 23:32:03,304 HTTP Request: POST https://router.huggingface.co/featherless-ai/v1/chat/completions "HTTP/1.1 200 OK"
2026-07-30 23:32:03,543 HTTP Request: POST https://router.huggingface.co/featherless-ai/v1/chat/completions "HTTP/1.1 200 OK"
2026-07-30 23:32:03,832 HTTP Request: POST https://router.huggingface.co/featherless-ai/v1/chat/completions "HTTP/1.1 200 OK"
2026-07-30 23:32:03,886 HTTP Request: POST https://router.huggingface.co/featherless-ai/v1/chat/completions "HTTP/1.1 200 OK"
2026-07-30 23:32:04,166 HTTP Request: POST https://router.huggingface.co/featherless-ai/v1/chat/completions "HTTP/1.1 200 OK"
2026-07-30 23:32:04,243 HTTP Request: POST https://router.huggingface.co/featherless-ai/v1/chat/completions "HTTP/1.1 200 OK"
2026-07-30 23:32:04,626 HTTP Request: POST https://router.huggingface.co/featherless-ai/v1/chat/completions "HTTP/1.1 200 OK"
2026-07-30 23:32:04,628 HTTP Request: POST https://router.huggingface.co/featherless-ai/v1/chat/completions "HTTP/1.1 200 OK"
2026-07-30 23:32:05,135 HTTP Request: POST https://router.huggingface.co/featherless-ai/v1/chat/completions "HTTP/1.1 200 OK"
2026-07-30 23:32:05,284 HTTP Request: POST https://router.huggingface.co/featherless-ai/v1/chat/completions "HTTP/1.1 200 OK"
2026-07-30 23:32:05,433 HTTP Request: POST https://router.huggingface.co/featherless-ai/v1/chat/completions "HTTP/1.1 200 OK"
2026-07-30 23:32:05,699 HTTP Request: POST https://router.huggingface.co/featherless-ai/v1/chat/completions "HTTP/1.1 200 OK"
2026-07-30 23:32:05,915 HTTP Request: POST https://router.huggingface.co/featherless-ai/v1/chat/completions "HTTP/1.1 200 OK"
2026-07-30 23:32:06,244 HTTP Request: POST https://router.huggingface.co/featherless-ai/v1/chat/completions "HTTP/1.1 200 OK"
2026-07-30 23:32:06,450 [325/4800] ok=325 fail=0 rate=2.1/s eta=2147s
2026-07-30 23:32:06,733 HTTP Request: POST https://router.huggingface.co/featherless-ai/v1/chat/completions "HTTP/1.1 200 OK"
2026-07-30 23:32:07,517 HTTP Request: POST https://router.huggingface.co/featherless-ai/v1/chat/completions "HTTP/1.1 200 OK"
2026-07-30 23:32:07,641 HTTP Request: POST https://router.huggingface.co/featherless-ai/v1/chat/completions "HTTP/1.1 200 OK"
2026-07-30 23:32:07,996 HTTP Request: POST https://router.huggingface.co/featherless-ai/v1/chat/completions "HTTP/1.1 200 OK"
2026-07-30 23:32:08,178 HTTP Request: POST https://router.huggingface.co/featherless-ai/v1/chat/completions "HTTP/1.1 200 OK"
2026-07-30 23:32:08,236 HTTP Request: POST https://router.huggingface.co/featherless-ai/v1/chat/completions "HTTP/1.1 200 OK"
2026-07-30 23:32:08,242 HTTP Request: POST https://router.huggingface.co/featherless-ai/v1/chat/completions "HTTP/1.1 200 OK"
2026-07-30 23:32:08,313 HTTP Request: POST https://router.huggingface.co/featherless-ai/v1/chat/completions "HTTP/1.1 200 OK"
2026-07-30 23:32:08,339 HTTP Request: POST https://router.huggingface.co/featherless-ai/v1/chat/completions "HTTP/1.1 200 OK"
2026-07-30 23:32:09,248 HTTP Request: POST https://router.huggingface.co/featherless-ai/v1/chat/completions "HTTP/1.1 200 OK"
2026-07-30 23:32:09,506 HTTP Request: POST https://router.huggingface.co/featherless-ai/v1/chat/completions "HTTP/1.1 200 OK"
2026-07-30 23:32:09,614 HTTP Request: POST https://router.huggingface.co/featherless-ai/v1/chat/completions "HTTP/1.1 200 OK"
2026-07-30 23:32:09,762 HTTP Request: POST https://router.huggingface.co/featherless-ai/v1/chat/completions "HTTP/1.1 200 OK"
2026-07-30 23:32:10,063 HTTP Request: POST https://router.huggingface.co/featherless-ai/v1/chat/completions "HTTP/1.1 200 OK"
2026-07-30 23:32:10,237 HTTP Request: POST https://router.huggingface.co/featherless-ai/v1/chat/completions "HTTP/1.1 200 OK"
2026-07-30 23:32:10,326 HTTP Request: POST https://router.huggingface.co/featherless-ai/v1/chat/completions "HTTP/1.1 200 OK"
2026-07-30 23:32:10,581 HTTP Request: POST https://router.huggingface.co/featherless-ai/v1/chat/completions "HTTP/1.1 200 OK"
2026-07-30 23:32:10,831 HTTP Request: POST https://router.huggingface.co/featherless-ai/v1/chat/completions "HTTP/1.1 200 OK"
2026-07-30 23:32:11,093 HTTP Request: POST https://router.huggingface.co/featherless-ai/v1/chat/completions "HTTP/1.1 200 OK"
2026-07-30 23:32:11,192 HTTP Request: POST https://router.huggingface.co/featherless-ai/v1/chat/completions "HTTP/1.1 200 OK"
2026-07-30 23:32:11,712 HTTP Request: POST https://router.huggingface.co/featherless-ai/v1/chat/completions "HTTP/1.1 200 OK"
2026-07-30 23:32:11,812 HTTP Request: POST https://router.huggingface.co/featherless-ai/v1/chat/completions "HTTP/1.1 200 OK"
2026-07-30 23:32:12,144 HTTP Request: POST https://router.huggingface.co/featherless-ai/v1/chat/completions "HTTP/1.1 200 OK"
2026-07-30 23:32:12,280 HTTP Request: POST https://router.huggingface.co/featherless-ai/v1/chat/completions "HTTP/1.1 200 OK"
2026-07-30 23:32:12,830 [350/4800] ok=350 fail=0 rate=2.2/s eta=2063s
2026-07-30 23:32:13,033 HTTP Request: POST https://router.huggingface.co/featherless-ai/v1/chat/completions "HTTP/1.1 200 OK"
2026-07-30 23:32:13,239 HTTP Request: POST https://router.huggingface.co/featherless-ai/v1/chat/completions "HTTP/1.1 200 OK"
2026-07-30 23:32:13,245 HTTP Request: POST https://router.huggingface.co/featherless-ai/v1/chat/completions "HTTP/1.1 200 OK"
2026-07-30 23:32:13,267 HTTP Request: POST https://router.huggingface.co/featherless-ai/v1/chat/completions "HTTP/1.1 200 OK"
2026-07-30 23:32:13,282 HTTP Request: POST https://router.huggingface.co/featherless-ai/v1/chat/completions "HTTP/1.1 200 OK"
2026-07-30 23:32:13,542 HTTP Request: POST https://router.huggingface.co/featherless-ai/v1/chat/completions "HTTP/1.1 200 OK"
2026-07-30 23:32:13,884 HTTP Request: POST https://router.huggingface.co/featherless-ai/v1/chat/completions "HTTP/1.1 200 OK"
2026-07-30 23:32:14,102 HTTP Request: POST https://router.huggingface.co/featherless-ai/v1/chat/completions "HTTP/1.1 200 OK"
2026-07-30 23:32:14,744 HTTP Request: POST https://router.huggingface.co/featherless-ai/v1/chat/completions "HTTP/1.1 200 OK"
2026-07-30 23:32:14,997 HTTP Request: POST https://router.huggingface.co/featherless-ai/v1/chat/completions "HTTP/1.1 200 OK"
2026-07-30 23:32:15,082 HTTP Request: POST https://router.huggingface.co/featherless-ai/v1/chat/completions "HTTP/1.1 200 OK"
2026-07-30 23:32:15,385 HTTP Request: POST https://router.huggingface.co/featherless-ai/v1/chat/completions "HTTP/1.1 200 OK"
2026-07-30 23:32:15,473 HTTP Request: POST https://router.huggingface.co/featherless-ai/v1/chat/completions "HTTP/1.1 200 OK"
2026-07-30 23:32:15,733 HTTP Request: POST https://router.huggingface.co/featherless-ai/v1/chat/completions "HTTP/1.1 200 OK"
2026-07-30 23:32:16,140 HTTP Request: POST https://router.huggingface.co/featherless-ai/v1/chat/completions "HTTP/1.1 200 OK"
2026-07-30 23:32:16,351 HTTP Request: POST https://router.huggingface.co/featherless-ai/v1/chat/completions "HTTP/1.1 200 OK"
2026-07-30 23:32:16,627 HTTP Request: POST https://router.huggingface.co/featherless-ai/v1/chat/completions "HTTP/1.1 200 OK"
2026-07-30 23:32:16,657 HTTP Request: POST https://router.huggingface.co/featherless-ai/v1/chat/completions "HTTP/1.1 200 OK"
2026-07-30 23:32:16,828 HTTP Request: POST https://router.huggingface.co/featherless-ai/v1/chat/completions "HTTP/1.1 200 OK"
2026-07-30 23:32:17,041 HTTP Request: POST https://router.huggingface.co/featherless-ai/v1/chat/completions "HTTP/1.1 200 OK"
2026-07-30 23:32:17,257 HTTP Request: POST https://router.huggingface.co/featherless-ai/v1/chat/completions "HTTP/1.1 200 OK"
2026-07-30 23:32:17,338 HTTP Request: POST https://router.huggingface.co/featherless-ai/v1/chat/completions "HTTP/1.1 200 OK"
2026-07-30 23:32:18,108 HTTP Request: POST https://router.huggingface.co/featherless-ai/v1/chat/completions "HTTP/1.1 200 OK"
2026-07-30 23:32:18,242 HTTP Request: POST https://router.huggingface.co/featherless-ai/v1/chat/completions "HTTP/1.1 200 OK"
2026-07-30 23:32:18,463 HTTP Request: POST https://router.huggingface.co/featherless-ai/v1/chat/completions "HTTP/1.1 200 OK"
2026-07-30 23:32:18,579 HTTP Request: POST https://router.huggingface.co/featherless-ai/v1/chat/completions "HTTP/1.1 200 OK"
2026-07-30 23:32:18,827 HTTP Request: POST https://router.huggingface.co/featherless-ai/v1/chat/completions "HTTP/1.1 200 OK"
2026-07-30 23:32:18,969 [375/4800] ok=375 fail=0 rate=2.2/s eta=1987s
2026-07-30 23:32:19,001 HTTP Request: POST https://router.huggingface.co/featherless-ai/v1/chat/completions "HTTP/1.1 200 OK"
2026-07-30 23:32:19,296 HTTP Request: POST https://router.huggingface.co/featherless-ai/v1/chat/completions "HTTP/1.1 200 OK"
2026-07-30 23:32:19,593 HTTP Request: POST https://router.huggingface.co/featherless-ai/v1/chat/completions "HTTP/1.1 200 OK"
2026-07-30 23:32:19,824 HTTP Request: POST https://router.huggingface.co/featherless-ai/v1/chat/completions "HTTP/1.1 200 OK"
2026-07-30 23:32:20,265 HTTP Request: POST https://router.huggingface.co/featherless-ai/v1/chat/completions "HTTP/1.1 200 OK"
2026-07-30 23:32:20,293 HTTP Request: POST https://router.huggingface.co/featherless-ai/v1/chat/completions "HTTP/1.1 200 OK"
2026-07-30 23:32:20,296 HTTP Request: POST https://router.huggingface.co/featherless-ai/v1/chat/completions "HTTP/1.1 200 OK"
2026-07-30 23:32:20,441 HTTP Request: POST https://router.huggingface.co/featherless-ai/v1/chat/completions "HTTP/1.1 200 OK"
2026-07-30 23:32:20,742 HTTP Request: POST https://router.huggingface.co/featherless-ai/v1/chat/completions "HTTP/1.1 200 OK"
2026-07-30 23:32:20,782 HTTP Request: POST https://router.huggingface.co/featherless-ai/v1/chat/completions "HTTP/1.1 200 OK"
2026-07-30 23:32:21,350 HTTP Request: POST https://router.huggingface.co/featherless-ai/v1/chat/completions "HTTP/1.1 200 OK"
2026-07-30 23:32:21,619 HTTP Request: POST https://router.huggingface.co/featherless-ai/v1/chat/completions "HTTP/1.1 200 OK"
2026-07-30 23:32:21,923 HTTP Request: POST https://router.huggingface.co/featherless-ai/v1/chat/completions "HTTP/1.1 200 OK"
2026-07-30 23:32:22,031 HTTP Request: POST https://router.huggingface.co/featherless-ai/v1/chat/completions "HTTP/1.1 200 OK"
2026-07-30 23:32:22,302 HTTP Request: POST https://router.huggingface.co/featherless-ai/v1/chat/completions "HTTP/1.1 200 OK"
2026-07-30 23:32:22,551 HTTP Request: POST https://router.huggingface.co/featherless-ai/v1/chat/completions "HTTP/1.1 200 OK"
2026-07-30 23:32:22,927 HTTP Request: POST https://router.huggingface.co/featherless-ai/v1/chat/completions "HTTP/1.1 200 OK"
2026-07-30 23:32:22,993 HTTP Request: POST https://router.huggingface.co/featherless-ai/v1/chat/completions "HTTP/1.1 200 OK"
2026-07-30 23:32:23,284 HTTP Request: POST https://router.huggingface.co/featherless-ai/v1/chat/completions "HTTP/1.1 200 OK"
2026-07-30 23:32:23,398 HTTP Request: POST https://router.huggingface.co/featherless-ai/v1/chat/completions "HTTP/1.1 200 OK"
2026-07-30 23:32:23,518 HTTP Request: POST https://router.huggingface.co/featherless-ai/v1/chat/completions "HTTP/1.1 200 OK"
2026-07-30 23:32:24,028 HTTP Request: POST https://router.huggingface.co/featherless-ai/v1/chat/completions "HTTP/1.1 200 OK"
2026-07-30 23:32:24,040 HTTP Request: POST https://router.huggingface.co/featherless-ai/v1/chat/completions "HTTP/1.1 200 OK"
2026-07-30 23:32:24,068 HTTP Request: POST https://router.huggingface.co/featherless-ai/v1/chat/completions "HTTP/1.1 200 OK"
2026-07-30 23:32:24,716 HTTP Request: POST https://router.huggingface.co/featherless-ai/v1/chat/completions "HTTP/1.1 200 OK"
2026-07-30 23:32:24,900 HTTP Request: POST https://router.huggingface.co/featherless-ai/v1/chat/completions "HTTP/1.1 200 OK"
2026-07-30 23:32:25,093 [400/4800] ok=400 fail=0 rate=2.3/s eta=1920s
2026-07-30 23:32:25,185 HTTP Request: POST https://router.huggingface.co/featherless-ai/v1/chat/completions "HTTP/1.1 200 OK"
2026-07-30 23:32:25,317 HTTP Request: POST https://router.huggingface.co/featherless-ai/v1/chat/completions "HTTP/1.1 200 OK"
2026-07-30 23:32:25,558 HTTP Request: POST https://router.huggingface.co/featherless-ai/v1/chat/completions "HTTP/1.1 200 OK"
2026-07-30 23:32:25,875 HTTP Request: POST https://router.huggingface.co/featherless-ai/v1/chat/completions "HTTP/1.1 200 OK"
2026-07-30 23:32:26,304 HTTP Request: POST https://router.huggingface.co/featherless-ai/v1/chat/completions "HTTP/1.1 200 OK"
2026-07-30 23:32:26,444 HTTP Request: POST https://router.huggingface.co/featherless-ai/v1/chat/completions "HTTP/1.1 200 OK"
2026-07-30 23:32:26,699 HTTP Request: POST https://router.huggingface.co/featherless-ai/v1/chat/completions "HTTP/1.1 200 OK"
2026-07-30 23:32:26,752 HTTP Request: POST https://router.huggingface.co/featherless-ai/v1/chat/completions "HTTP/1.1 200 OK"
2026-07-30 23:32:26,973 HTTP Request: POST https://router.huggingface.co/featherless-ai/v1/chat/completions "HTTP/1.1 200 OK"
2026-07-30 23:32:27,132 HTTP Request: POST https://router.huggingface.co/featherless-ai/v1/chat/completions "HTTP/1.1 200 OK"
2026-07-30 23:32:27,488 HTTP Request: POST https://router.huggingface.co/featherless-ai/v1/chat/completions "HTTP/1.1 200 OK"
2026-07-30 23:32:28,025 HTTP Request: POST https://router.huggingface.co/featherless-ai/v1/chat/completions "HTTP/1.1 200 OK"
2026-07-30 23:32:28,265 HTTP Request: POST https://router.huggingface.co/featherless-ai/v1/chat/completions "HTTP/1.1 200 OK"
2026-07-30 23:32:28,468 HTTP Request: POST https://router.huggingface.co/featherless-ai/v1/chat/completions "HTTP/1.1 200 OK"
2026-07-30 23:32:28,545 HTTP Request: POST https://router.huggingface.co/featherless-ai/v1/chat/completions "HTTP/1.1 200 OK"
2026-07-30 23:32:28,952 HTTP Request: POST https://router.huggingface.co/featherless-ai/v1/chat/completions "HTTP/1.1 200 OK"
2026-07-30 23:32:29,236 HTTP Request: POST https://router.huggingface.co/featherless-ai/v1/chat/completions "HTTP/1.1 200 OK"
2026-07-30 23:32:29,567 HTTP Request: POST https://router.huggingface.co/featherless-ai/v1/chat/completions "HTTP/1.1 200 OK"
2026-07-30 23:32:29,818 HTTP Request: POST https://router.huggingface.co/featherless-ai/v1/chat/completions "HTTP/1.1 200 OK"
2026-07-30 23:32:30,018 HTTP Request: POST https://router.huggingface.co/featherless-ai/v1/chat/completions "HTTP/1.1 200 OK"
2026-07-30 23:32:30,110 HTTP Request: POST https://router.huggingface.co/featherless-ai/v1/chat/completions "HTTP/1.1 200 OK"
2026-07-30 23:32:30,116 HTTP Request: POST https://router.huggingface.co/featherless-ai/v1/chat/completions "HTTP/1.1 200 OK"
2026-07-30 23:32:30,254 HTTP Request: POST https://router.huggingface.co/featherless-ai/v1/chat/completions "HTTP/1.1 200 OK"
2026-07-30 23:32:30,523 HTTP Request: POST https://router.huggingface.co/featherless-ai/v1/chat/completions "HTTP/1.1 200 OK"
2026-07-30 23:32:30,884 HTTP Request: POST https://router.huggingface.co/featherless-ai/v1/chat/completions "HTTP/1.1 200 OK"
2026-07-30 23:32:30,910 [425/4800] ok=425 fail=0 rate=2.4/s eta=1857s
2026-07-30 23:32:31,195 HTTP Request: POST https://router.huggingface.co/featherless-ai/v1/chat/completions "HTTP/1.1 200 OK"
2026-07-30 23:32:31,337 HTTP Request: POST https://router.huggingface.co/featherless-ai/v1/chat/completions "HTTP/1.1 200 OK"
2026-07-30 23:32:31,598 HTTP Request: POST https://router.huggingface.co/featherless-ai/v1/chat/completions "HTTP/1.1 200 OK"
2026-07-30 23:32:31,965 HTTP Request: POST https://router.huggingface.co/featherless-ai/v1/chat/completions "HTTP/1.1 200 OK"
2026-07-30 23:32:32,523 HTTP Request: POST https://router.huggingface.co/featherless-ai/v1/chat/completions "HTTP/1.1 200 OK"
2026-07-30 23:32:32,549 HTTP Request: POST https://router.huggingface.co/featherless-ai/v1/chat/completions "HTTP/1.1 200 OK"
2026-07-30 23:32:32,563 HTTP Request: POST https://router.huggingface.co/featherless-ai/v1/chat/completions "HTTP/1.1 200 OK"
2026-07-30 23:32:32,687 HTTP Request: POST https://router.huggingface.co/featherless-ai/v1/chat/completions "HTTP/1.1 200 OK"
2026-07-30 23:32:32,827 HTTP Request: POST https://router.huggingface.co/featherless-ai/v1/chat/completions "HTTP/1.1 200 OK"
2026-07-30 23:32:33,434 HTTP Request: POST https://router.huggingface.co/featherless-ai/v1/chat/completions "HTTP/1.1 200 OK"
2026-07-30 23:32:33,800 HTTP Request: POST https://router.huggingface.co/featherless-ai/v1/chat/completions "HTTP/1.1 200 OK"
2026-07-30 23:32:33,936 HTTP Request: POST https://router.huggingface.co/featherless-ai/v1/chat/completions "HTTP/1.1 200 OK"
2026-07-30 23:32:34,118 HTTP Request: POST https://router.huggingface.co/featherless-ai/v1/chat/completions "HTTP/1.1 200 OK"
2026-07-30 23:32:34,220 HTTP Request: POST https://router.huggingface.co/featherless-ai/v1/chat/completions "HTTP/1.1 200 OK"
2026-07-30 23:32:34,359 HTTP Request: POST https://router.huggingface.co/featherless-ai/v1/chat/completions "HTTP/1.1 200 OK"
2026-07-30 23:32:34,796 HTTP Request: POST https://router.huggingface.co/featherless-ai/v1/chat/completions "HTTP/1.1 200 OK"
2026-07-30 23:32:34,898 HTTP Request: POST https://router.huggingface.co/featherless-ai/v1/chat/completions "HTTP/1.1 200 OK"
2026-07-30 23:32:35,535 HTTP Request: POST https://router.huggingface.co/featherless-ai/v1/chat/completions "HTTP/1.1 200 OK"
2026-07-30 23:32:35,742 HTTP Request: POST https://router.huggingface.co/featherless-ai/v1/chat/completions "HTTP/1.1 200 OK"
2026-07-30 23:32:35,907 HTTP Request: POST https://router.huggingface.co/featherless-ai/v1/chat/completions "HTTP/1.1 200 OK"
2026-07-30 23:32:36,047 HTTP Request: POST https://router.huggingface.co/featherless-ai/v1/chat/completions "HTTP/1.1 200 OK"
2026-07-30 23:32:36,407 HTTP Request: POST https://router.huggingface.co/featherless-ai/v1/chat/completions "HTTP/1.1 200 OK"
2026-07-30 23:32:36,993 HTTP Request: POST https://router.huggingface.co/featherless-ai/v1/chat/completions "HTTP/1.1 200 OK"
2026-07-30 23:32:37,171 HTTP Request: POST https://router.huggingface.co/featherless-ai/v1/chat/completions "HTTP/1.1 200 OK"
2026-07-30 23:32:37,467 HTTP Request: POST https://router.huggingface.co/featherless-ai/v1/chat/completions "HTTP/1.1 200 OK"
2026-07-30 23:32:37,590 [450/4800] ok=450 fail=0 rate=2.4/s eta=1808s
2026-07-30 23:32:37,631 HTTP Request: POST https://router.huggingface.co/featherless-ai/v1/chat/completions "HTTP/1.1 200 OK"
2026-07-30 23:32:37,769 HTTP Request: POST https://router.huggingface.co/featherless-ai/v1/chat/completions "HTTP/1.1 200 OK"
2026-07-30 23:32:37,832 HTTP Request: POST https://router.huggingface.co/featherless-ai/v1/chat/completions "HTTP/1.1 200 OK"
2026-07-30 23:32:38,397 HTTP Request: POST https://router.huggingface.co/featherless-ai/v1/chat/completions "HTTP/1.1 200 OK"
2026-07-30 23:32:38,430 HTTP Request: POST https://router.huggingface.co/featherless-ai/v1/chat/completions "HTTP/1.1 200 OK"
2026-07-30 23:32:39,136 HTTP Request: POST https://router.huggingface.co/featherless-ai/v1/chat/completions "HTTP/1.1 200 OK"
2026-07-30 23:32:39,738 HTTP Request: POST https://router.huggingface.co/featherless-ai/v1/chat/completions "HTTP/1.1 200 OK"
2026-07-30 23:32:40,186 HTTP Request: POST https://router.huggingface.co/featherless-ai/v1/chat/completions "HTTP/1.1 200 OK"
2026-07-30 23:32:40,318 HTTP Request: POST https://router.huggingface.co/featherless-ai/v1/chat/completions "HTTP/1.1 200 OK"
2026-07-30 23:32:40,633 HTTP Request: POST https://router.huggingface.co/featherless-ai/v1/chat/completions "HTTP/1.1 200 OK"
2026-07-30 23:32:41,266 HTTP Request: POST https://router.huggingface.co/featherless-ai/v1/chat/completions "HTTP/1.1 200 OK"
2026-07-30 23:32:41,352 HTTP Request: POST https://router.huggingface.co/featherless-ai/v1/chat/completions "HTTP/1.1 200 OK"
2026-07-30 23:32:41,824 HTTP Request: POST https://router.huggingface.co/featherless-ai/v1/chat/completions "HTTP/1.1 200 OK"
2026-07-30 23:32:41,983 HTTP Request: POST https://router.huggingface.co/featherless-ai/v1/chat/completions "HTTP/1.1 200 OK"
2026-07-30 23:32:42,127 HTTP Request: POST https://router.huggingface.co/featherless-ai/v1/chat/completions "HTTP/1.1 200 OK"
2026-07-30 23:32:42,797 HTTP Request: POST https://router.huggingface.co/featherless-ai/v1/chat/completions "HTTP/1.1 200 OK"
2026-07-30 23:32:43,432 HTTP Request: POST https://router.huggingface.co/featherless-ai/v1/chat/completions "HTTP/1.1 200 OK"
2026-07-30 23:32:43,519 HTTP Request: POST https://router.huggingface.co/featherless-ai/v1/chat/completions "HTTP/1.1 200 OK"
2026-07-30 23:32:43,533 HTTP Request: POST https://router.huggingface.co/featherless-ai/v1/chat/completions "HTTP/1.1 200 OK"
2026-07-30 23:32:43,741 HTTP Request: POST https://router.huggingface.co/featherless-ai/v1/chat/completions "HTTP/1.1 200 OK"
2026-07-30 23:32:43,943 HTTP Request: POST https://router.huggingface.co/featherless-ai/v1/chat/completions "HTTP/1.1 200 OK"
2026-07-30 23:32:44,503 HTTP Request: POST https://router.huggingface.co/featherless-ai/v1/chat/completions "HTTP/1.1 200 OK"
2026-07-30 23:32:45,241 HTTP Request: POST https://router.huggingface.co/featherless-ai/v1/chat/completions "HTTP/1.1 200 OK"
2026-07-30 23:32:45,408 [475/4800] ok=475 fail=0 rate=2.4/s eta=1774s
2026-07-30 23:32:45,691 HTTP Request: POST https://router.huggingface.co/featherless-ai/v1/chat/completions "HTTP/1.1 200 OK"
2026-07-30 23:32:45,713 HTTP Request: POST https://router.huggingface.co/featherless-ai/v1/chat/completions "HTTP/1.1 200 OK"
2026-07-30 23:32:45,738 HTTP Request: POST https://router.huggingface.co/featherless-ai/v1/chat/completions "HTTP/1.1 200 OK"
2026-07-30 23:32:45,811 HTTP Request: POST https://router.huggingface.co/featherless-ai/v1/chat/completions "HTTP/1.1 200 OK"
2026-07-30 23:32:45,998 HTTP Request: POST https://router.huggingface.co/featherless-ai/v1/chat/completions "HTTP/1.1 200 OK"
2026-07-30 23:32:46,142 HTTP Request: POST https://router.huggingface.co/featherless-ai/v1/chat/completions "HTTP/1.1 200 OK"
2026-07-30 23:32:46,289 HTTP Request: POST https://router.huggingface.co/featherless-ai/v1/chat/completions "HTTP/1.1 200 OK"
2026-07-30 23:32:46,695 HTTP Request: POST https://router.huggingface.co/featherless-ai/v1/chat/completions "HTTP/1.1 200 OK"
2026-07-30 23:32:47,195 HTTP Request: POST https://router.huggingface.co/featherless-ai/v1/chat/completions "HTTP/1.1 200 OK"
2026-07-30 23:32:47,625 HTTP Request: POST https://router.huggingface.co/featherless-ai/v1/chat/completions "HTTP/1.1 200 OK"
2026-07-30 23:32:48,158 HTTP Request: POST https://router.huggingface.co/featherless-ai/v1/chat/completions "HTTP/1.1 200 OK"
2026-07-30 23:32:48,161 HTTP Request: POST https://router.huggingface.co/featherless-ai/v1/chat/completions "HTTP/1.1 200 OK"
2026-07-30 23:32:48,194 HTTP Request: POST https://router.huggingface.co/featherless-ai/v1/chat/completions "HTTP/1.1 200 OK"
2026-07-30 23:32:48,398 HTTP Request: POST https://router.huggingface.co/featherless-ai/v1/chat/completions "HTTP/1.1 200 OK"
2026-07-30 23:32:48,729 HTTP Request: POST https://router.huggingface.co/featherless-ai/v1/chat/completions "HTTP/1.1 200 OK"
2026-07-30 23:32:48,889 HTTP Request: POST https://router.huggingface.co/featherless-ai/v1/chat/completions "HTTP/1.1 200 OK"
2026-07-30 23:32:49,129 HTTP Request: POST https://router.huggingface.co/featherless-ai/v1/chat/completions "HTTP/1.1 200 OK"
2026-07-30 23:32:49,544 HTTP Request: POST https://router.huggingface.co/featherless-ai/v1/chat/completions "HTTP/1.1 200 OK"
2026-07-30 23:32:49,906 HTTP Request: POST https://router.huggingface.co/featherless-ai/v1/chat/completions "HTTP/1.1 200 OK"
2026-07-30 23:32:49,995 HTTP Request: POST https://router.huggingface.co/featherless-ai/v1/chat/completions "HTTP/1.1 200 OK"
2026-07-30 23:32:50,145 HTTP Request: POST https://router.huggingface.co/featherless-ai/v1/chat/completions "HTTP/1.1 200 OK"
2026-07-30 23:32:50,631 HTTP Request: POST https://router.huggingface.co/featherless-ai/v1/chat/completions "HTTP/1.1 200 OK"
2026-07-30 23:32:50,669 HTTP Request: POST https://router.huggingface.co/featherless-ai/v1/chat/completions "HTTP/1.1 200 OK"
2026-07-30 23:32:50,872 HTTP Request: POST https://router.huggingface.co/featherless-ai/v1/chat/completions "HTTP/1.1 200 OK"
2026-07-30 23:32:51,081 HTTP Request: POST https://router.huggingface.co/featherless-ai/v1/chat/completions "HTTP/1.1 200 OK"
2026-07-30 23:32:51,202 HTTP Request: POST https://router.huggingface.co/featherless-ai/v1/chat/completions "HTTP/1.1 200 OK"
2026-07-30 23:32:51,420 [500/4800] ok=500 fail=0 rate=2.5/s eta=1727s
2026-07-30 23:32:51,531 HTTP Request: POST https://router.huggingface.co/featherless-ai/v1/chat/completions "HTTP/1.1 200 OK"
2026-07-30 23:32:51,668 HTTP Request: POST https://router.huggingface.co/featherless-ai/v1/chat/completions "HTTP/1.1 200 OK"
2026-07-30 23:32:51,918 HTTP Request: POST https://router.huggingface.co/featherless-ai/v1/chat/completions "HTTP/1.1 200 OK"
2026-07-30 23:32:52,080 HTTP Request: POST https://router.huggingface.co/featherless-ai/v1/chat/completions "HTTP/1.1 200 OK"
2026-07-30 23:32:52,655 HTTP Request: POST https://router.huggingface.co/featherless-ai/v1/chat/completions "HTTP/1.1 200 OK"
2026-07-30 23:32:52,712 HTTP Request: POST https://router.huggingface.co/featherless-ai/v1/chat/completions "HTTP/1.1 200 OK"
2026-07-30 23:32:52,917 HTTP Request: POST https://router.huggingface.co/featherless-ai/v1/chat/completions "HTTP/1.1 200 OK"
2026-07-30 23:32:53,175 HTTP Request: POST https://router.huggingface.co/featherless-ai/v1/chat/completions "HTTP/1.1 200 OK"
2026-07-30 23:32:53,418 HTTP Request: POST https://router.huggingface.co/featherless-ai/v1/chat/completions "HTTP/1.1 200 OK"
2026-07-30 23:32:53,684 HTTP Request: POST https://router.huggingface.co/featherless-ai/v1/chat/completions "HTTP/1.1 200 OK"
2026-07-30 23:32:53,928 HTTP Request: POST https://router.huggingface.co/featherless-ai/v1/chat/completions "HTTP/1.1 200 OK"
2026-07-30 23:32:54,025 HTTP Request: POST https://router.huggingface.co/featherless-ai/v1/chat/completions "HTTP/1.1 200 OK"
2026-07-30 23:32:54,417 HTTP Request: POST https://router.huggingface.co/featherless-ai/v1/chat/completions "HTTP/1.1 200 OK"
2026-07-30 23:32:54,419 HTTP Request: POST https://router.huggingface.co/featherless-ai/v1/chat/completions "HTTP/1.1 200 OK"
2026-07-30 23:32:54,582 HTTP Request: POST https://router.huggingface.co/featherless-ai/v1/chat/completions "HTTP/1.1 200 OK"
2026-07-30 23:32:54,758 HTTP Request: POST https://router.huggingface.co/featherless-ai/v1/chat/completions "HTTP/1.1 200 OK"
2026-07-30 23:32:55,194 HTTP Request: POST https://router.huggingface.co/featherless-ai/v1/chat/completions "HTTP/1.1 200 OK"
2026-07-30 23:32:55,381 HTTP Request: POST https://router.huggingface.co/featherless-ai/v1/chat/completions "HTTP/1.1 200 OK"
2026-07-30 23:32:55,780 HTTP Request: POST https://router.huggingface.co/featherless-ai/v1/chat/completions "HTTP/1.1 200 OK"
2026-07-30 23:32:55,881 HTTP Request: POST https://router.huggingface.co/featherless-ai/v1/chat/completions "HTTP/1.1 200 OK"
2026-07-30 23:32:56,134 HTTP Request: POST https://router.huggingface.co/featherless-ai/v1/chat/completions "HTTP/1.1 200 OK"
2026-07-30 23:32:56,339 HTTP Request: POST https://router.huggingface.co/featherless-ai/v1/chat/completions "HTTP/1.1 200 OK"
2026-07-30 23:32:56,552 HTTP Request: POST https://router.huggingface.co/featherless-ai/v1/chat/completions "HTTP/1.1 200 OK"
2026-07-30 23:32:56,571 HTTP Request: POST https://router.huggingface.co/featherless-ai/v1/chat/completions "HTTP/1.1 200 OK"
2026-07-30 23:32:56,977 HTTP Request: POST https://router.huggingface.co/featherless-ai/v1/chat/completions "HTTP/1.1 200 OK"
2026-07-30 23:32:57,149 [525/4800] ok=525 fail=0 rate=2.5/s eta=1682s
2026-07-30 23:32:57,177 HTTP Request: POST https://router.huggingface.co/featherless-ai/v1/chat/completions "HTTP/1.1 200 OK"
2026-07-30 23:32:57,552 HTTP Request: POST https://router.huggingface.co/featherless-ai/v1/chat/completions "HTTP/1.1 200 OK"
2026-07-30 23:32:57,818 HTTP Request: POST https://router.huggingface.co/featherless-ai/v1/chat/completions "HTTP/1.1 200 OK"
2026-07-30 23:32:58,058 HTTP Request: POST https://router.huggingface.co/featherless-ai/v1/chat/completions "HTTP/1.1 200 OK"
2026-07-30 23:32:58,169 HTTP Request: POST https://router.huggingface.co/featherless-ai/v1/chat/completions "HTTP/1.1 200 OK"
2026-07-30 23:32:58,365 HTTP Request: POST https://router.huggingface.co/featherless-ai/v1/chat/completions "HTTP/1.1 200 OK"
2026-07-30 23:32:58,687 HTTP Request: POST https://router.huggingface.co/featherless-ai/v1/chat/completions "HTTP/1.1 200 OK"
2026-07-30 23:32:58,761 HTTP Request: POST https://router.huggingface.co/featherless-ai/v1/chat/completions "HTTP/1.1 200 OK"
2026-07-30 23:32:59,064 HTTP Request: POST https://router.huggingface.co/featherless-ai/v1/chat/completions "HTTP/1.1 200 OK"
2026-07-30 23:32:59,333 HTTP Request: POST https://router.huggingface.co/featherless-ai/v1/chat/completions "HTTP/1.1 200 OK"
2026-07-30 23:32:59,559 HTTP Request: POST https://router.huggingface.co/featherless-ai/v1/chat/completions "HTTP/1.1 200 OK"
2026-07-30 23:32:59,750 HTTP Request: POST https://router.huggingface.co/featherless-ai/v1/chat/completions "HTTP/1.1 200 OK"
2026-07-30 23:32:59,784 HTTP Request: POST https://router.huggingface.co/featherless-ai/v1/chat/completions "HTTP/1.1 200 OK"
2026-07-30 23:33:00,082 HTTP Request: POST https://router.huggingface.co/featherless-ai/v1/chat/completions "HTTP/1.1 200 OK"
2026-07-30 23:33:00,407 HTTP Request: POST https://router.huggingface.co/featherless-ai/v1/chat/completions "HTTP/1.1 200 OK"
2026-07-30 23:33:00,570 HTTP Request: POST https://router.huggingface.co/featherless-ai/v1/chat/completions "HTTP/1.1 200 OK"
2026-07-30 23:33:01,187 HTTP Request: POST https://router.huggingface.co/featherless-ai/v1/chat/completions "HTTP/1.1 200 OK"
2026-07-30 23:33:01,327 HTTP Request: POST https://router.huggingface.co/featherless-ai/v1/chat/completions "HTTP/1.1 200 OK"
2026-07-30 23:33:01,666 HTTP Request: POST https://router.huggingface.co/featherless-ai/v1/chat/completions "HTTP/1.1 200 OK"
2026-07-30 23:33:01,933 HTTP Request: POST https://router.huggingface.co/featherless-ai/v1/chat/completions "HTTP/1.1 200 OK"
2026-07-30 23:33:02,062 HTTP Request: POST https://router.huggingface.co/featherless-ai/v1/chat/completions "HTTP/1.1 200 OK"
2026-07-30 23:33:02,302 HTTP Request: POST https://router.huggingface.co/featherless-ai/v1/chat/completions "HTTP/1.1 200 OK"
2026-07-30 23:33:02,418 HTTP Request: POST https://router.huggingface.co/featherless-ai/v1/chat/completions "HTTP/1.1 200 OK"
2026-07-30 23:33:02,555 HTTP Request: POST https://router.huggingface.co/featherless-ai/v1/chat/completions "HTTP/1.1 200 OK"
2026-07-30 23:33:02,824 HTTP Request: POST https://router.huggingface.co/featherless-ai/v1/chat/completions "HTTP/1.1 200 OK"
2026-07-30 23:33:02,983 HTTP Request: POST https://router.huggingface.co/featherless-ai/v1/chat/completions "HTTP/1.1 200 OK"
2026-07-30 23:33:03,002 [550/4800] ok=550 fail=0 rate=2.6/s eta=1642s
2026-07-30 23:33:03,430 HTTP Request: POST https://router.huggingface.co/featherless-ai/v1/chat/completions "HTTP/1.1 200 OK"
2026-07-30 23:33:03,675 HTTP Request: POST https://router.huggingface.co/featherless-ai/v1/chat/completions "HTTP/1.1 200 OK"
2026-07-30 23:33:03,700 HTTP Request: POST https://router.huggingface.co/featherless-ai/v1/chat/completions "HTTP/1.1 200 OK"
2026-07-30 23:33:03,930 HTTP Request: POST https://router.huggingface.co/featherless-ai/v1/chat/completions "HTTP/1.1 200 OK"
2026-07-30 23:33:04,109 HTTP Request: POST https://router.huggingface.co/featherless-ai/v1/chat/completions "HTTP/1.1 200 OK"
2026-07-30 23:33:04,200 HTTP Request: POST https://router.huggingface.co/featherless-ai/v1/chat/completions "HTTP/1.1 200 OK"
2026-07-30 23:33:04,469 HTTP Request: POST https://router.huggingface.co/featherless-ai/v1/chat/completions "HTTP/1.1 200 OK"
2026-07-30 23:33:04,820 HTTP Request: POST https://router.huggingface.co/featherless-ai/v1/chat/completions "HTTP/1.1 200 OK"
2026-07-30 23:33:05,208 HTTP Request: POST https://router.huggingface.co/featherless-ai/v1/chat/completions "HTTP/1.1 200 OK"
2026-07-30 23:33:05,385 HTTP Request: POST https://router.huggingface.co/featherless-ai/v1/chat/completions "HTTP/1.1 200 OK"
2026-07-30 23:33:05,511 HTTP Request: POST https://router.huggingface.co/featherless-ai/v1/chat/completions "HTTP/1.1 200 OK"
2026-07-30 23:33:05,811 HTTP Request: POST https://router.huggingface.co/featherless-ai/v1/chat/completions "HTTP/1.1 200 OK"
2026-07-30 23:33:06,273 HTTP Request: POST https://router.huggingface.co/featherless-ai/v1/chat/completions "HTTP/1.1 200 OK"
2026-07-30 23:33:06,301 HTTP Request: POST https://router.huggingface.co/featherless-ai/v1/chat/completions "HTTP/1.1 200 OK"
2026-07-30 23:33:06,315 HTTP Request: POST https://router.huggingface.co/featherless-ai/v1/chat/completions "HTTP/1.1 200 OK"
2026-07-30 23:33:06,543 HTTP Request: POST https://router.huggingface.co/featherless-ai/v1/chat/completions "HTTP/1.1 200 OK"
2026-07-30 23:33:06,853 HTTP Request: POST https://router.huggingface.co/featherless-ai/v1/chat/completions "HTTP/1.1 200 OK"
2026-07-30 23:33:06,988 HTTP Request: POST https://router.huggingface.co/featherless-ai/v1/chat/completions "HTTP/1.1 200 OK"
2026-07-30 23:33:07,255 HTTP Request: POST https://router.huggingface.co/featherless-ai/v1/chat/completions "HTTP/1.1 200 OK"
2026-07-30 23:33:07,641 HTTP Request: POST https://router.huggingface.co/featherless-ai/v1/chat/completions "HTTP/1.1 200 OK"
2026-07-30 23:33:07,841 HTTP Request: POST https://router.huggingface.co/featherless-ai/v1/chat/completions "HTTP/1.1 200 OK"
2026-07-30 23:33:08,086 HTTP Request: POST https://router.huggingface.co/featherless-ai/v1/chat/completions "HTTP/1.1 200 OK"
2026-07-30 23:33:08,373 HTTP Request: POST https://router.huggingface.co/featherless-ai/v1/chat/completions "HTTP/1.1 200 OK"
2026-07-30 23:33:08,588 HTTP Request: POST https://router.huggingface.co/featherless-ai/v1/chat/completions "HTTP/1.1 200 OK"
2026-07-30 23:33:08,597 [575/4800] ok=575 fail=0 rate=2.6/s eta=1602s
2026-07-30 23:33:08,772 HTTP Request: POST https://router.huggingface.co/featherless-ai/v1/chat/completions "HTTP/1.1 200 OK"
2026-07-30 23:33:09,167 HTTP Request: POST https://router.huggingface.co/featherless-ai/v1/chat/completions "HTTP/1.1 200 OK"
2026-07-30 23:33:09,174 HTTP Request: POST https://router.huggingface.co/featherless-ai/v1/chat/completions "HTTP/1.1 200 OK"
2026-07-30 23:33:09,181 HTTP Request: POST https://router.huggingface.co/featherless-ai/v1/chat/completions "HTTP/1.1 200 OK"
2026-07-30 23:33:09,641 HTTP Request: POST https://router.huggingface.co/featherless-ai/v1/chat/completions "HTTP/1.1 200 OK"
2026-07-30 23:33:09,837 HTTP Request: POST https://router.huggingface.co/featherless-ai/v1/chat/completions "HTTP/1.1 200 OK"
2026-07-30 23:33:10,499 HTTP Request: POST https://router.huggingface.co/featherless-ai/v1/chat/completions "HTTP/1.1 200 OK"
2026-07-30 23:33:10,789 HTTP Request: POST https://router.huggingface.co/featherless-ai/v1/chat/completions "HTTP/1.1 200 OK"
2026-07-30 23:33:11,001 HTTP Request: POST https://router.huggingface.co/featherless-ai/v1/chat/completions "HTTP/1.1 200 OK"
2026-07-30 23:33:11,133 HTTP Request: POST https://router.huggingface.co/featherless-ai/v1/chat/completions "HTTP/1.1 200 OK"
2026-07-30 23:33:11,394 HTTP Request: POST https://router.huggingface.co/featherless-ai/v1/chat/completions "HTTP/1.1 200 OK"
2026-07-30 23:33:11,490 HTTP Request: POST https://router.huggingface.co/featherless-ai/v1/chat/completions "HTTP/1.1 200 OK"
2026-07-30 23:33:11,772 HTTP Request: POST https://router.huggingface.co/featherless-ai/v1/chat/completions "HTTP/1.1 200 OK"
2026-07-30 23:33:12,422 HTTP Request: POST https://router.huggingface.co/featherless-ai/v1/chat/completions "HTTP/1.1 200 OK"
2026-07-30 23:33:12,582 HTTP Request: POST https://router.huggingface.co/featherless-ai/v1/chat/completions "HTTP/1.1 200 OK"
2026-07-30 23:33:12,638 HTTP Request: POST https://router.huggingface.co/featherless-ai/v1/chat/completions "HTTP/1.1 200 OK"
2026-07-30 23:33:12,671 HTTP Request: POST https://router.huggingface.co/featherless-ai/v1/chat/completions "HTTP/1.1 200 OK"
2026-07-30 23:33:12,765 HTTP Request: POST https://router.huggingface.co/featherless-ai/v1/chat/completions "HTTP/1.1 200 OK"
2026-07-30 23:33:13,078 HTTP Request: POST https://router.huggingface.co/featherless-ai/v1/chat/completions "HTTP/1.1 200 OK"
2026-07-30 23:33:13,291 HTTP Request: POST https://router.huggingface.co/featherless-ai/v1/chat/completions "HTTP/1.1 200 OK"
2026-07-30 23:33:13,473 HTTP Request: POST https://router.huggingface.co/featherless-ai/v1/chat/completions "HTTP/1.1 200 OK"
2026-07-30 23:33:14,456 HTTP Request: POST https://router.huggingface.co/featherless-ai/v1/chat/completions "HTTP/1.1 200 OK"
2026-07-30 23:33:14,626 HTTP Request: POST https://router.huggingface.co/featherless-ai/v1/chat/completions "HTTP/1.1 200 OK"
2026-07-30 23:33:14,815 HTTP Request: POST https://router.huggingface.co/featherless-ai/v1/chat/completions "HTTP/1.1 200 OK"
2026-07-30 23:33:14,829 HTTP Request: POST https://router.huggingface.co/featherless-ai/v1/chat/completions "HTTP/1.1 200 OK"
2026-07-30 23:33:14,945 HTTP Request: POST https://router.huggingface.co/featherless-ai/v1/chat/completions "HTTP/1.1 200 OK"
2026-07-30 23:33:15,160 [600/4800] ok=600 fail=0 rate=2.7/s eta=1572s
2026-07-30 23:33:15,501 HTTP Request: POST https://router.huggingface.co/featherless-ai/v1/chat/completions "HTTP/1.1 200 OK"
2026-07-30 23:33:15,596 HTTP Request: POST https://router.huggingface.co/featherless-ai/v1/chat/completions "HTTP/1.1 200 OK"
2026-07-30 23:33:15,641 HTTP Request: POST https://router.huggingface.co/featherless-ai/v1/chat/completions "HTTP/1.1 200 OK"
2026-07-30 23:33:16,154 HTTP Request: POST https://router.huggingface.co/featherless-ai/v1/chat/completions "HTTP/1.1 200 OK"
2026-07-30 23:33:16,318 HTTP Request: POST https://router.huggingface.co/featherless-ai/v1/chat/completions "HTTP/1.1 200 OK"
2026-07-30 23:33:16,443 HTTP Request: POST https://router.huggingface.co/featherless-ai/v1/chat/completions "HTTP/1.1 200 OK"
2026-07-30 23:33:16,634 HTTP Request: POST https://router.huggingface.co/featherless-ai/v1/chat/completions "HTTP/1.1 200 OK"
2026-07-30 23:33:16,806 HTTP Request: POST https://router.huggingface.co/featherless-ai/v1/chat/completions "HTTP/1.1 200 OK"
2026-07-30 23:33:17,038 HTTP Request: POST https://router.huggingface.co/featherless-ai/v1/chat/completions "HTTP/1.1 200 OK"
2026-07-30 23:33:17,343 HTTP Request: POST https://router.huggingface.co/featherless-ai/v1/chat/completions "HTTP/1.1 200 OK"
2026-07-30 23:33:17,387 HTTP Request: POST https://router.huggingface.co/featherless-ai/v1/chat/completions "HTTP/1.1 200 OK"
2026-07-30 23:33:17,905 HTTP Request: POST https://router.huggingface.co/featherless-ai/v1/chat/completions "HTTP/1.1 200 OK"
2026-07-30 23:33:18,129 HTTP Request: POST https://router.huggingface.co/featherless-ai/v1/chat/completions "HTTP/1.1 200 OK"
2026-07-30 23:33:18,543 HTTP Request: POST https://router.huggingface.co/featherless-ai/v1/chat/completions "HTTP/1.1 200 OK"
2026-07-30 23:33:18,717 HTTP Request: POST https://router.huggingface.co/featherless-ai/v1/chat/completions "HTTP/1.1 200 OK"
2026-07-30 23:33:18,778 HTTP Request: POST https://router.huggingface.co/featherless-ai/v1/chat/completions "HTTP/1.1 200 OK"
2026-07-30 23:33:19,029 HTTP Request: POST https://router.huggingface.co/featherless-ai/v1/chat/completions "HTTP/1.1 200 OK"
2026-07-30 23:33:19,285 HTTP Request: POST https://router.huggingface.co/featherless-ai/v1/chat/completions "HTTP/1.1 200 OK"
2026-07-30 23:33:19,432 HTTP Request: POST https://router.huggingface.co/featherless-ai/v1/chat/completions "HTTP/1.1 200 OK"
2026-07-30 23:33:19,453 HTTP Request: POST https://router.huggingface.co/featherless-ai/v1/chat/completions "HTTP/1.1 200 OK"
2026-07-30 23:33:19,691 HTTP Request: POST https://router.huggingface.co/featherless-ai/v1/chat/completions "HTTP/1.1 200 OK"
2026-07-30 23:33:20,232 HTTP Request: POST https://router.huggingface.co/featherless-ai/v1/chat/completions "HTTP/1.1 200 OK"
2026-07-30 23:33:20,351 HTTP Request: POST https://router.huggingface.co/featherless-ai/v1/chat/completions "HTTP/1.1 200 OK"
2026-07-30 23:33:20,541 HTTP Request: POST https://router.huggingface.co/featherless-ai/v1/chat/completions "HTTP/1.1 200 OK"
2026-07-30 23:33:20,721 HTTP Request: POST https://router.huggingface.co/featherless-ai/v1/chat/completions "HTTP/1.1 200 OK"
2026-07-30 23:33:20,729 [625/4800] ok=625 fail=0 rate=2.7/s eta=1537s
2026-07-30 23:33:20,980 HTTP Request: POST https://router.huggingface.co/featherless-ai/v1/chat/completions "HTTP/1.1 200 OK"
2026-07-30 23:33:21,557 HTTP Request: POST https://router.huggingface.co/featherless-ai/v1/chat/completions "HTTP/1.1 200 OK"
2026-07-30 23:33:21,581 HTTP Request: POST https://router.huggingface.co/featherless-ai/v1/chat/completions "HTTP/1.1 200 OK"
2026-07-30 23:33:21,968 HTTP Request: POST https://router.huggingface.co/featherless-ai/v1/chat/completions "HTTP/1.1 200 OK"
2026-07-30 23:33:22,194 HTTP Request: POST https://router.huggingface.co/featherless-ai/v1/chat/completions "HTTP/1.1 200 OK"
2026-07-30 23:33:22,389 HTTP Request: POST https://router.huggingface.co/featherless-ai/v1/chat/completions "HTTP/1.1 200 OK"
2026-07-30 23:33:22,551 HTTP Request: POST https://router.huggingface.co/featherless-ai/v1/chat/completions "HTTP/1.1 200 OK"
2026-07-30 23:33:22,582 HTTP Request: POST https://router.huggingface.co/featherless-ai/v1/chat/completions "HTTP/1.1 200 OK"
2026-07-30 23:33:22,677 HTTP Request: POST https://router.huggingface.co/featherless-ai/v1/chat/completions "HTTP/1.1 200 OK"
2026-07-30 23:33:23,123 HTTP Request: POST https://router.huggingface.co/featherless-ai/v1/chat/completions "HTTP/1.1 200 OK"
2026-07-30 23:33:23,359 HTTP Request: POST https://router.huggingface.co/featherless-ai/v1/chat/completions "HTTP/1.1 200 OK"
2026-07-30 23:33:23,634 HTTP Request: POST https://router.huggingface.co/featherless-ai/v1/chat/completions "HTTP/1.1 200 OK"
2026-07-30 23:33:23,837 HTTP Request: POST https://router.huggingface.co/featherless-ai/v1/chat/completions "HTTP/1.1 200 OK"
2026-07-30 23:33:24,051 HTTP Request: POST https://router.huggingface.co/featherless-ai/v1/chat/completions "HTTP/1.1 200 OK"
2026-07-30 23:33:24,196 HTTP Request: POST https://router.huggingface.co/featherless-ai/v1/chat/completions "HTTP/1.1 200 OK"
2026-07-30 23:33:24,534 HTTP Request: POST https://router.huggingface.co/featherless-ai/v1/chat/completions "HTTP/1.1 200 OK"
2026-07-30 23:33:24,859 HTTP Request: POST https://router.huggingface.co/featherless-ai/v1/chat/completions "HTTP/1.1 200 OK"
2026-07-30 23:33:25,213 HTTP Request: POST https://router.huggingface.co/featherless-ai/v1/chat/completions "HTTP/1.1 200 OK"
2026-07-30 23:33:25,217 HTTP Request: POST https://router.huggingface.co/featherless-ai/v1/chat/completions "HTTP/1.1 200 OK"
2026-07-30 23:33:25,403 HTTP Request: POST https://router.huggingface.co/featherless-ai/v1/chat/completions "HTTP/1.1 200 OK"
2026-07-30 23:33:25,595 HTTP Request: POST https://router.huggingface.co/featherless-ai/v1/chat/completions "HTTP/1.1 200 OK"
2026-07-30 23:33:25,700 HTTP Request: POST https://router.huggingface.co/featherless-ai/v1/chat/completions "HTTP/1.1 200 OK"
2026-07-30 23:33:25,933 HTTP Request: POST https://router.huggingface.co/featherless-ai/v1/chat/completions "HTTP/1.1 200 OK"
2026-07-30 23:33:26,233 HTTP Request: POST https://router.huggingface.co/featherless-ai/v1/chat/completions "HTTP/1.1 200 OK"
2026-07-30 23:33:27,043 HTTP Request: POST https://router.huggingface.co/featherless-ai/v1/chat/completions "HTTP/1.1 200 OK"
2026-07-30 23:33:27,265 HTTP Request: POST https://router.huggingface.co/featherless-ai/v1/chat/completions "HTTP/1.1 200 OK"
2026-07-30 23:33:27,480 HTTP Request: POST https://router.huggingface.co/featherless-ai/v1/chat/completions "HTTP/1.1 200 OK"
2026-07-30 23:33:27,626 [650/4800] ok=650 fail=0 rate=2.7/s eta=1513s
2026-07-30 23:33:27,650 HTTP Request: POST https://router.huggingface.co/featherless-ai/v1/chat/completions "HTTP/1.1 200 OK"
2026-07-30 23:33:27,855 HTTP Request: POST https://router.huggingface.co/featherless-ai/v1/chat/completions "HTTP/1.1 200 OK"
2026-07-30 23:33:28,006 HTTP Request: POST https://router.huggingface.co/featherless-ai/v1/chat/completions "HTTP/1.1 200 OK"
2026-07-30 23:33:28,322 HTTP Request: POST https://router.huggingface.co/featherless-ai/v1/chat/completions "HTTP/1.1 200 OK"
2026-07-30 23:33:29,042 HTTP Request: POST https://router.huggingface.co/featherless-ai/v1/chat/completions "HTTP/1.1 200 OK"
2026-07-30 23:33:29,067 HTTP Request: POST https://router.huggingface.co/featherless-ai/v1/chat/completions "HTTP/1.1 200 OK"
2026-07-30 23:33:29,309 HTTP Request: POST https://router.huggingface.co/featherless-ai/v1/chat/completions "HTTP/1.1 200 OK"
2026-07-30 23:33:29,317 HTTP Request: POST https://router.huggingface.co/featherless-ai/v1/chat/completions "HTTP/1.1 200 OK"
2026-07-30 23:33:29,603 HTTP Request: POST https://router.huggingface.co/featherless-ai/v1/chat/completions "HTTP/1.1 200 OK"
2026-07-30 23:33:29,711 HTTP Request: POST https://router.huggingface.co/featherless-ai/v1/chat/completions "HTTP/1.1 200 OK"
2026-07-30 23:33:29,759 HTTP Request: POST https://router.huggingface.co/featherless-ai/v1/chat/completions "HTTP/1.1 200 OK"
2026-07-30 23:33:30,102 HTTP Request: POST https://router.huggingface.co/featherless-ai/v1/chat/completions "HTTP/1.1 200 OK"
2026-07-30 23:33:31,049 HTTP Request: POST https://router.huggingface.co/featherless-ai/v1/chat/completions "HTTP/1.1 200 OK"
2026-07-30 23:33:31,174 HTTP Request: POST https://router.huggingface.co/featherless-ai/v1/chat/completions "HTTP/1.1 200 OK"
2026-07-30 23:33:31,343 HTTP Request: POST https://router.huggingface.co/featherless-ai/v1/chat/completions "HTTP/1.1 200 OK"
2026-07-30 23:33:31,525 HTTP Request: POST https://router.huggingface.co/featherless-ai/v1/chat/completions "HTTP/1.1 200 OK"
2026-07-30 23:33:31,826 HTTP Request: POST https://router.huggingface.co/featherless-ai/v1/chat/completions "HTTP/1.1 200 OK"
2026-07-30 23:33:32,165 HTTP Request: POST https://router.huggingface.co/featherless-ai/v1/chat/completions "HTTP/1.1 200 OK"
2026-07-30 23:33:32,286 HTTP Request: POST https://router.huggingface.co/featherless-ai/v1/chat/completions "HTTP/1.1 200 OK"
2026-07-30 23:33:32,747 HTTP Request: POST https://router.huggingface.co/featherless-ai/v1/chat/completions "HTTP/1.1 200 OK"
2026-07-30 23:33:32,780 HTTP Request: POST https://router.huggingface.co/featherless-ai/v1/chat/completions "HTTP/1.1 200 OK"
2026-07-30 23:33:32,874 HTTP Request: POST https://router.huggingface.co/featherless-ai/v1/chat/completions "HTTP/1.1 200 OK"
2026-07-30 23:33:33,035 [675/4800] ok=675 fail=0 rate=2.8/s eta=1482s
2026-07-30 23:33:33,057 HTTP Request: POST https://router.huggingface.co/featherless-ai/v1/chat/completions "HTTP/1.1 200 OK"
2026-07-30 23:33:33,352 HTTP Request: POST https://router.huggingface.co/featherless-ai/v1/chat/completions "HTTP/1.1 200 OK"
2026-07-30 23:33:33,557 HTTP Request: POST https://router.huggingface.co/featherless-ai/v1/chat/completions "HTTP/1.1 200 OK"
2026-07-30 23:33:33,772 HTTP Request: POST https://router.huggingface.co/featherless-ai/v1/chat/completions "HTTP/1.1 200 OK"
2026-07-30 23:33:34,119 HTTP Request: POST https://router.huggingface.co/featherless-ai/v1/chat/completions "HTTP/1.1 200 OK"
2026-07-30 23:33:34,377 HTTP Request: POST https://router.huggingface.co/featherless-ai/v1/chat/completions "HTTP/1.1 200 OK"
2026-07-30 23:33:35,114 HTTP Request: POST https://router.huggingface.co/featherless-ai/v1/chat/completions "HTTP/1.1 200 OK"
2026-07-30 23:33:35,872 HTTP Request: POST https://router.huggingface.co/featherless-ai/v1/chat/completions "HTTP/1.1 200 OK"
2026-07-30 23:33:36,634 HTTP Request: POST https://router.huggingface.co/featherless-ai/v1/chat/completions "HTTP/1.1 200 OK"
2026-07-30 23:33:36,818 HTTP Request: POST https://router.huggingface.co/featherless-ai/v1/chat/completions "HTTP/1.1 200 OK"
2026-07-30 23:33:37,115 HTTP Request: POST https://router.huggingface.co/featherless-ai/v1/chat/completions "HTTP/1.1 200 OK"
2026-07-30 23:33:37,613 HTTP Request: POST https://router.huggingface.co/featherless-ai/v1/chat/completions "HTTP/1.1 200 OK"
2026-07-30 23:33:37,636 HTTP Request: POST https://router.huggingface.co/featherless-ai/v1/chat/completions "HTTP/1.1 200 OK"
2026-07-30 23:33:37,637 HTTP Request: POST https://router.huggingface.co/featherless-ai/v1/chat/completions "HTTP/1.1 200 OK"
2026-07-30 23:33:37,943 HTTP Request: POST https://router.huggingface.co/featherless-ai/v1/chat/completions "HTTP/1.1 200 OK"
2026-07-30 23:33:37,944 HTTP Request: POST https://router.huggingface.co/featherless-ai/v1/chat/completions "HTTP/1.1 200 OK"
2026-07-30 23:33:38,183 HTTP Request: POST https://router.huggingface.co/featherless-ai/v1/chat/completions "HTTP/1.1 200 OK"
2026-07-30 23:33:38,613 HTTP Request: POST https://router.huggingface.co/featherless-ai/v1/chat/completions "HTTP/1.1 200 OK"
2026-07-30 23:33:38,779 HTTP Request: POST https://router.huggingface.co/featherless-ai/v1/chat/completions "HTTP/1.1 200 OK"
2026-07-30 23:33:39,136 HTTP Request: POST https://router.huggingface.co/featherless-ai/v1/chat/completions "HTTP/1.1 200 OK"
2026-07-30 23:33:39,747 HTTP Request: POST https://router.huggingface.co/featherless-ai/v1/chat/completions "HTTP/1.1 200 OK"
2026-07-30 23:33:39,753 HTTP Request: POST https://router.huggingface.co/featherless-ai/v1/chat/completions "HTTP/1.1 200 OK"
2026-07-30 23:33:39,941 HTTP Request: POST https://router.huggingface.co/featherless-ai/v1/chat/completions "HTTP/1.1 200 OK"
2026-07-30 23:33:40,187 HTTP Request: POST https://router.huggingface.co/featherless-ai/v1/chat/completions "HTTP/1.1 200 OK"
2026-07-30 23:33:40,239 HTTP Request: POST https://router.huggingface.co/featherless-ai/v1/chat/completions "HTTP/1.1 200 OK"
2026-07-30 23:33:40,259 [700/4800] ok=700 fail=0 rate=2.8/s eta=1462s
2026-07-30 23:33:40,525 HTTP Request: POST https://router.huggingface.co/featherless-ai/v1/chat/completions "HTTP/1.1 200 OK"
2026-07-30 23:33:41,338 HTTP Request: POST https://router.huggingface.co/featherless-ai/v1/chat/completions "HTTP/1.1 200 OK"
2026-07-30 23:33:41,595 HTTP Request: POST https://router.huggingface.co/featherless-ai/v1/chat/completions "HTTP/1.1 200 OK"
2026-07-30 23:33:41,772 HTTP Request: POST https://router.huggingface.co/featherless-ai/v1/chat/completions "HTTP/1.1 200 OK"
2026-07-30 23:33:41,887 HTTP Request: POST https://router.huggingface.co/featherless-ai/v1/chat/completions "HTTP/1.1 200 OK"
2026-07-30 23:33:41,933 HTTP Request: POST https://router.huggingface.co/featherless-ai/v1/chat/completions "HTTP/1.1 200 OK"
2026-07-30 23:33:41,990 HTTP Request: POST https://router.huggingface.co/featherless-ai/v1/chat/completions "HTTP/1.1 200 OK"
2026-07-30 23:33:42,811 HTTP Request: POST https://router.huggingface.co/featherless-ai/v1/chat/completions "HTTP/1.1 200 OK"
2026-07-30 23:33:43,164 HTTP Request: POST https://router.huggingface.co/featherless-ai/v1/chat/completions "HTTP/1.1 200 OK"
2026-07-30 23:33:43,666 HTTP Request: POST https://router.huggingface.co/featherless-ai/v1/chat/completions "HTTP/1.1 200 OK"
2026-07-30 23:33:43,679 HTTP Request: POST https://router.huggingface.co/featherless-ai/v1/chat/completions "HTTP/1.1 200 OK"
2026-07-30 23:33:43,858 HTTP Request: POST https://router.huggingface.co/featherless-ai/v1/chat/completions "HTTP/1.1 200 OK"
2026-07-30 23:33:44,325 HTTP Request: POST https://router.huggingface.co/featherless-ai/v1/chat/completions "HTTP/1.1 200 OK"
2026-07-30 23:33:44,325 HTTP Request: POST https://router.huggingface.co/featherless-ai/v1/chat/completions "HTTP/1.1 200 OK"
2026-07-30 23:33:44,686 HTTP Request: POST https://router.huggingface.co/featherless-ai/v1/chat/completions "HTTP/1.1 200 OK"
2026-07-30 23:33:44,713 HTTP Request: POST https://router.huggingface.co/featherless-ai/v1/chat/completions "HTTP/1.1 200 OK"
2026-07-30 23:33:44,779 HTTP Request: POST https://router.huggingface.co/featherless-ai/v1/chat/completions "HTTP/1.1 200 OK"
2026-07-30 23:33:46,408 HTTP Request: POST https://router.huggingface.co/featherless-ai/v1/chat/completions "HTTP/1.1 200 OK"
2026-07-30 23:33:46,619 HTTP Request: POST https://router.huggingface.co/featherless-ai/v1/chat/completions "HTTP/1.1 200 OK"
2026-07-30 23:33:46,930 HTTP Request: POST https://router.huggingface.co/featherless-ai/v1/chat/completions "HTTP/1.1 200 OK"
2026-07-30 23:33:46,974 HTTP Request: POST https://router.huggingface.co/featherless-ai/v1/chat/completions "HTTP/1.1 200 OK"
2026-07-30 23:33:47,217 HTTP Request: POST https://router.huggingface.co/featherless-ai/v1/chat/completions "HTTP/1.1 200 OK"
2026-07-30 23:33:47,514 HTTP Request: POST https://router.huggingface.co/featherless-ai/v1/chat/completions "HTTP/1.1 200 OK"
2026-07-30 23:33:48,009 [725/4800] ok=725 fail=0 rate=2.8/s eta=1447s
2026-07-30 23:33:48,071 HTTP Request: POST https://router.huggingface.co/featherless-ai/v1/chat/completions "HTTP/1.1 200 OK"
2026-07-30 23:33:48,367 HTTP Request: POST https://router.huggingface.co/featherless-ai/v1/chat/completions "HTTP/1.1 200 OK"
2026-07-30 23:33:48,416 HTTP Request: POST https://router.huggingface.co/featherless-ai/v1/chat/completions "HTTP/1.1 200 OK"
2026-07-30 23:33:48,429 HTTP Request: POST https://router.huggingface.co/featherless-ai/v1/chat/completions "HTTP/1.1 200 OK"
2026-07-30 23:33:48,998 HTTP Request: POST https://router.huggingface.co/featherless-ai/v1/chat/completions "HTTP/1.1 200 OK"
2026-07-30 23:33:49,116 HTTP Request: POST https://router.huggingface.co/featherless-ai/v1/chat/completions "HTTP/1.1 200 OK"
2026-07-30 23:33:49,119 HTTP Request: POST https://router.huggingface.co/featherless-ai/v1/chat/completions "HTTP/1.1 200 OK"
2026-07-30 23:33:49,243 HTTP Request: POST https://router.huggingface.co/featherless-ai/v1/chat/completions "HTTP/1.1 200 OK"
2026-07-30 23:33:49,674 HTTP Request: POST https://router.huggingface.co/featherless-ai/v1/chat/completions "HTTP/1.1 200 OK"
2026-07-30 23:33:49,961 HTTP Request: POST https://router.huggingface.co/featherless-ai/v1/chat/completions "HTTP/1.1 200 OK"
2026-07-30 23:33:50,209 HTTP Request: POST https://router.huggingface.co/featherless-ai/v1/chat/completions "HTTP/1.1 200 OK"
2026-07-30 23:33:50,656 HTTP Request: POST https://router.huggingface.co/featherless-ai/v1/chat/completions "HTTP/1.1 200 OK"
2026-07-30 23:33:50,924 HTTP Request: POST https://router.huggingface.co/featherless-ai/v1/chat/completions "HTTP/1.1 200 OK"
2026-07-30 23:33:51,097 HTTP Request: POST https://router.huggingface.co/featherless-ai/v1/chat/completions "HTTP/1.1 200 OK"
2026-07-30 23:33:51,307 HTTP Request: POST https://router.huggingface.co/featherless-ai/v1/chat/completions "HTTP/1.1 200 OK"
2026-07-30 23:33:51,427 HTTP Request: POST https://router.huggingface.co/featherless-ai/v1/chat/completions "HTTP/1.1 200 OK"
2026-07-30 23:33:51,673 HTTP Request: POST https://router.huggingface.co/featherless-ai/v1/chat/completions "HTTP/1.1 200 OK"
2026-07-30 23:33:52,005 HTTP Request: POST https://router.huggingface.co/featherless-ai/v1/chat/completions "HTTP/1.1 200 OK"
2026-07-30 23:33:52,101 HTTP Request: POST https://router.huggingface.co/featherless-ai/v1/chat/completions "HTTP/1.1 200 OK"
2026-07-30 23:33:52,430 HTTP Request: POST https://router.huggingface.co/featherless-ai/v1/chat/completions "HTTP/1.1 200 OK"
2026-07-30 23:33:52,462 HTTP Request: POST https://router.huggingface.co/featherless-ai/v1/chat/completions "HTTP/1.1 200 OK"
2026-07-30 23:33:52,748 HTTP Request: POST https://router.huggingface.co/featherless-ai/v1/chat/completions "HTTP/1.1 200 OK"
2026-07-30 23:33:53,136 HTTP Request: POST https://router.huggingface.co/featherless-ai/v1/chat/completions "HTTP/1.1 200 OK"
2026-07-30 23:33:53,280 HTTP Request: POST https://router.huggingface.co/featherless-ai/v1/chat/completions "HTTP/1.1 200 OK"
2026-07-30 23:33:53,306 HTTP Request: POST https://router.huggingface.co/featherless-ai/v1/chat/completions "HTTP/1.1 200 OK"
2026-07-30 23:33:53,740 HTTP Request: POST https://router.huggingface.co/featherless-ai/v1/chat/completions "HTTP/1.1 200 OK"
2026-07-30 23:33:53,842 HTTP Request: POST https://router.huggingface.co/featherless-ai/v1/chat/completions "HTTP/1.1 200 OK"
2026-07-30 23:33:54,033 [750/4800] ok=750 fail=0 rate=2.8/s eta=1423s
2026-07-30 23:33:54,109 HTTP Request: POST https://router.huggingface.co/featherless-ai/v1/chat/completions "HTTP/1.1 200 OK"
2026-07-30 23:33:54,753 HTTP Request: POST https://router.huggingface.co/featherless-ai/v1/chat/completions "HTTP/1.1 200 OK"
2026-07-30 23:33:54,848 HTTP Request: POST https://router.huggingface.co/featherless-ai/v1/chat/completions "HTTP/1.1 200 OK"
2026-07-30 23:33:54,938 HTTP Request: POST https://router.huggingface.co/featherless-ai/v1/chat/completions "HTTP/1.1 200 OK"
2026-07-30 23:33:55,159 HTTP Request: POST https://router.huggingface.co/featherless-ai/v1/chat/completions "HTTP/1.1 200 OK"
2026-07-30 23:33:55,319 HTTP Request: POST https://router.huggingface.co/featherless-ai/v1/chat/completions "HTTP/1.1 200 OK"
2026-07-30 23:33:55,376 HTTP Request: POST https://router.huggingface.co/featherless-ai/v1/chat/completions "HTTP/1.1 200 OK"
2026-07-30 23:33:55,775 HTTP Request: POST https://router.huggingface.co/featherless-ai/v1/chat/completions "HTTP/1.1 200 OK"
2026-07-30 23:33:56,380 HTTP Request: POST https://router.huggingface.co/featherless-ai/v1/chat/completions "HTTP/1.1 200 OK"
2026-07-30 23:33:56,539 HTTP Request: POST https://router.huggingface.co/featherless-ai/v1/chat/completions "HTTP/1.1 200 OK"
2026-07-30 23:33:56,792 HTTP Request: POST https://router.huggingface.co/featherless-ai/v1/chat/completions "HTTP/1.1 200 OK"
2026-07-30 23:33:56,798 HTTP Request: POST https://router.huggingface.co/featherless-ai/v1/chat/completions "HTTP/1.1 200 OK"
2026-07-30 23:33:56,935 HTTP Request: POST https://router.huggingface.co/featherless-ai/v1/chat/completions "HTTP/1.1 200 OK"
2026-07-30 23:33:57,153 HTTP Request: POST https://router.huggingface.co/featherless-ai/v1/chat/completions "HTTP/1.1 200 OK"
2026-07-30 23:33:57,335 HTTP Request: POST https://router.huggingface.co/featherless-ai/v1/chat/completions "HTTP/1.1 200 OK"
2026-07-30 23:33:57,586 HTTP Request: POST https://router.huggingface.co/featherless-ai/v1/chat/completions "HTTP/1.1 200 OK"
2026-07-30 23:33:58,067 HTTP Request: POST https://router.huggingface.co/featherless-ai/v1/chat/completions "HTTP/1.1 200 OK"
2026-07-30 23:33:58,289 HTTP Request: POST https://router.huggingface.co/featherless-ai/v1/chat/completions "HTTP/1.1 200 OK"
2026-07-30 23:33:58,534 HTTP Request: POST https://router.huggingface.co/featherless-ai/v1/chat/completions "HTTP/1.1 200 OK"
2026-07-30 23:33:58,567 HTTP Request: POST https://router.huggingface.co/featherless-ai/v1/chat/completions "HTTP/1.1 200 OK"
2026-07-30 23:33:58,809 HTTP Request: POST https://router.huggingface.co/featherless-ai/v1/chat/completions "HTTP/1.1 200 OK"
2026-07-30 23:33:58,977 HTTP Request: POST https://router.huggingface.co/featherless-ai/v1/chat/completions "HTTP/1.1 200 OK"
2026-07-30 23:34:00,057 HTTP Request: POST https://router.huggingface.co/featherless-ai/v1/chat/completions "HTTP/1.1 200 OK"
2026-07-30 23:34:00,152 [775/4800] ok=775 fail=0 rate=2.9/s eta=1400s
2026-07-30 23:34:00,234 HTTP Request: POST https://router.huggingface.co/featherless-ai/v1/chat/completions "HTTP/1.1 200 OK"
2026-07-30 23:34:00,443 HTTP Request: POST https://router.huggingface.co/featherless-ai/v1/chat/completions "HTTP/1.1 200 OK"
2026-07-30 23:34:00,466 HTTP Request: POST https://router.huggingface.co/featherless-ai/v1/chat/completions "HTTP/1.1 200 OK"
2026-07-30 23:34:00,591 HTTP Request: POST https://router.huggingface.co/featherless-ai/v1/chat/completions "HTTP/1.1 200 OK"
2026-07-30 23:34:00,788 HTTP Request: POST https://router.huggingface.co/featherless-ai/v1/chat/completions "HTTP/1.1 200 OK"
2026-07-30 23:34:00,794 HTTP Request: POST https://router.huggingface.co/featherless-ai/v1/chat/completions "HTTP/1.1 200 OK"
2026-07-30 23:34:00,953 HTTP Request: POST https://router.huggingface.co/featherless-ai/v1/chat/completions "HTTP/1.1 200 OK"
2026-07-30 23:34:01,607 HTTP Request: POST https://router.huggingface.co/featherless-ai/v1/chat/completions "HTTP/1.1 200 OK"
2026-07-30 23:34:02,383 HTTP Request: POST https://router.huggingface.co/featherless-ai/v1/chat/completions "HTTP/1.1 200 OK"
2026-07-30 23:34:02,390 HTTP Request: POST https://router.huggingface.co/featherless-ai/v1/chat/completions "HTTP/1.1 200 OK"
2026-07-30 23:34:02,660 HTTP Request: POST https://router.huggingface.co/featherless-ai/v1/chat/completions "HTTP/1.1 200 OK"
2026-07-30 23:34:02,876 HTTP Request: POST https://router.huggingface.co/featherless-ai/v1/chat/completions "HTTP/1.1 200 OK"
2026-07-30 23:34:02,876 HTTP Request: POST https://router.huggingface.co/featherless-ai/v1/chat/completions "HTTP/1.1 200 OK"
2026-07-30 23:34:02,994 HTTP Request: POST https://router.huggingface.co/featherless-ai/v1/chat/completions "HTTP/1.1 200 OK"
2026-07-30 23:34:03,132 HTTP Request: POST https://router.huggingface.co/featherless-ai/v1/chat/completions "HTTP/1.1 200 OK"
2026-07-30 23:34:03,309 HTTP Request: POST https://router.huggingface.co/featherless-ai/v1/chat/completions "HTTP/1.1 200 OK"
2026-07-30 23:34:04,136 HTTP Request: POST https://router.huggingface.co/featherless-ai/v1/chat/completions "HTTP/1.1 200 OK"
2026-07-30 23:34:04,324 HTTP Request: POST https://router.huggingface.co/featherless-ai/v1/chat/completions "HTTP/1.1 200 OK"
2026-07-30 23:34:04,343 HTTP Request: POST https://router.huggingface.co/featherless-ai/v1/chat/completions "HTTP/1.1 200 OK"
2026-07-30 23:34:04,549 HTTP Request: POST https://router.huggingface.co/featherless-ai/v1/chat/completions "HTTP/1.1 200 OK"
2026-07-30 23:34:04,767 HTTP Request: POST https://router.huggingface.co/featherless-ai/v1/chat/completions "HTTP/1.1 200 OK"
2026-07-30 23:34:04,988 HTTP Request: POST https://router.huggingface.co/featherless-ai/v1/chat/completions "HTTP/1.1 200 OK"
2026-07-30 23:34:05,333 HTTP Request: POST https://router.huggingface.co/featherless-ai/v1/chat/completions "HTTP/1.1 200 OK"
2026-07-30 23:34:05,546 HTTP Request: POST https://router.huggingface.co/featherless-ai/v1/chat/completions "HTTP/1.1 200 OK"
2026-07-30 23:34:06,190 HTTP Request: POST https://router.huggingface.co/featherless-ai/v1/chat/completions "HTTP/1.1 200 OK"
2026-07-30 23:34:06,387 HTTP Request: POST https://router.huggingface.co/featherless-ai/v1/chat/completions "HTTP/1.1 200 OK"
2026-07-30 23:34:06,478 [800/4800] ok=800 fail=0 rate=2.9/s eta=1379s
2026-07-30 23:34:07,158 HTTP Request: POST https://router.huggingface.co/featherless-ai/v1/chat/completions "HTTP/1.1 200 OK"
2026-07-30 23:34:07,274 HTTP Request: POST https://router.huggingface.co/featherless-ai/v1/chat/completions "HTTP/1.1 200 OK"
2026-07-30 23:34:07,890 HTTP Request: POST https://router.huggingface.co/featherless-ai/v1/chat/completions "HTTP/1.1 200 OK"
2026-07-30 23:34:07,971 HTTP Request: POST https://router.huggingface.co/featherless-ai/v1/chat/completions "HTTP/1.1 200 OK"
2026-07-30 23:34:07,975 HTTP Request: POST https://router.huggingface.co/featherless-ai/v1/chat/completions "HTTP/1.1 200 OK"
2026-07-30 23:34:08,132 HTTP Request: POST https://router.huggingface.co/featherless-ai/v1/chat/completions "HTTP/1.1 200 OK"
2026-07-30 23:34:08,145 HTTP Request: POST https://router.huggingface.co/featherless-ai/v1/chat/completions "HTTP/1.1 200 OK"
2026-07-30 23:34:08,636 HTTP Request: POST https://router.huggingface.co/featherless-ai/v1/chat/completions "HTTP/1.1 200 OK"
2026-07-30 23:34:08,895 HTTP Request: POST https://router.huggingface.co/featherless-ai/v1/chat/completions "HTTP/1.1 200 OK"
2026-07-30 23:34:09,441 HTTP Request: POST https://router.huggingface.co/featherless-ai/v1/chat/completions "HTTP/1.1 200 OK"
2026-07-30 23:34:09,810 HTTP Request: POST https://router.huggingface.co/featherless-ai/v1/chat/completions "HTTP/1.1 200 OK"
2026-07-30 23:34:09,976 HTTP Request: POST https://router.huggingface.co/featherless-ai/v1/chat/completions "HTTP/1.1 200 OK"
2026-07-30 23:34:10,016 HTTP Request: POST https://router.huggingface.co/featherless-ai/v1/chat/completions "HTTP/1.1 200 OK"
2026-07-30 23:34:10,616 HTTP Request: POST https://router.huggingface.co/featherless-ai/v1/chat/completions "HTTP/1.1 200 OK"
2026-07-30 23:34:10,790 HTTP Request: POST https://router.huggingface.co/featherless-ai/v1/chat/completions "HTTP/1.1 200 OK"
2026-07-30 23:34:10,805 HTTP Request: POST https://router.huggingface.co/featherless-ai/v1/chat/completions "HTTP/1.1 200 OK"
2026-07-30 23:34:10,817 HTTP Request: POST https://router.huggingface.co/featherless-ai/v1/chat/completions "HTTP/1.1 200 OK"
2026-07-30 23:34:10,948 HTTP Request: POST https://router.huggingface.co/featherless-ai/v1/chat/completions "HTTP/1.1 200 OK"
2026-07-30 23:34:11,349 HTTP Request: POST https://router.huggingface.co/featherless-ai/v1/chat/completions "HTTP/1.1 200 OK"
2026-07-30 23:34:11,595 HTTP Request: POST https://router.huggingface.co/featherless-ai/v1/chat/completions "HTTP/1.1 200 OK"
2026-07-30 23:34:11,695 HTTP Request: POST https://router.huggingface.co/featherless-ai/v1/chat/completions "HTTP/1.1 200 OK"
2026-07-30 23:34:12,283 HTTP Request: POST https://router.huggingface.co/featherless-ai/v1/chat/completions "HTTP/1.1 200 OK"
2026-07-30 23:34:12,615 HTTP Request: POST https://router.huggingface.co/featherless-ai/v1/chat/completions "HTTP/1.1 200 OK"
2026-07-30 23:34:12,810 HTTP Request: POST https://router.huggingface.co/featherless-ai/v1/chat/completions "HTTP/1.1 200 OK"
2026-07-30 23:34:12,903 HTTP Request: POST https://router.huggingface.co/featherless-ai/v1/chat/completions "HTTP/1.1 200 OK"
2026-07-30 23:34:13,005 HTTP Request: POST https://router.huggingface.co/featherless-ai/v1/chat/completions "HTTP/1.1 200 OK"
2026-07-30 23:34:13,181 [825/4800] ok=825 fail=0 rate=2.9/s eta=1362s
2026-07-30 23:34:13,504 HTTP Request: POST https://router.huggingface.co/featherless-ai/v1/chat/completions "HTTP/1.1 200 OK"
2026-07-30 23:34:13,513 HTTP Request: POST https://router.huggingface.co/featherless-ai/v1/chat/completions "HTTP/1.1 200 OK"
2026-07-30 23:34:13,861 HTTP Request: POST https://router.huggingface.co/featherless-ai/v1/chat/completions "HTTP/1.1 200 OK"
2026-07-30 23:34:13,871 HTTP Request: POST https://router.huggingface.co/featherless-ai/v1/chat/completions "HTTP/1.1 200 OK"
2026-07-30 23:34:14,375 HTTP Request: POST https://router.huggingface.co/featherless-ai/v1/chat/completions "HTTP/1.1 200 OK"
2026-07-30 23:34:14,616 HTTP Request: POST https://router.huggingface.co/featherless-ai/v1/chat/completions "HTTP/1.1 200 OK"
2026-07-30 23:34:14,822 HTTP Request: POST https://router.huggingface.co/featherless-ai/v1/chat/completions "HTTP/1.1 200 OK"
2026-07-30 23:34:14,998 HTTP Request: POST https://router.huggingface.co/featherless-ai/v1/chat/completions "HTTP/1.1 200 OK"
2026-07-30 23:34:15,202 HTTP Request: POST https://router.huggingface.co/featherless-ai/v1/chat/completions "HTTP/1.1 200 OK"
2026-07-30 23:34:15,716 HTTP Request: POST https://router.huggingface.co/featherless-ai/v1/chat/completions "HTTP/1.1 200 OK"
2026-07-30 23:34:16,005 HTTP Request: POST https://router.huggingface.co/featherless-ai/v1/chat/completions "HTTP/1.1 200 OK"
2026-07-30 23:34:16,247 HTTP Request: POST https://router.huggingface.co/featherless-ai/v1/chat/completions "HTTP/1.1 200 OK"
2026-07-30 23:34:16,254 HTTP Request: POST https://router.huggingface.co/featherless-ai/v1/chat/completions "HTTP/1.1 200 OK"
2026-07-30 23:34:16,682 HTTP Request: POST https://router.huggingface.co/featherless-ai/v1/chat/completions "HTTP/1.1 200 OK"
2026-07-30 23:34:16,803 HTTP Request: POST https://router.huggingface.co/featherless-ai/v1/chat/completions "HTTP/1.1 200 OK"
2026-07-30 23:34:16,812 HTTP Request: POST https://router.huggingface.co/featherless-ai/v1/chat/completions "HTTP/1.1 200 OK"
2026-07-30 23:34:16,956 HTTP Request: POST https://router.huggingface.co/featherless-ai/v1/chat/completions "HTTP/1.1 200 OK"
2026-07-30 23:34:17,332 HTTP Request: POST https://router.huggingface.co/featherless-ai/v1/chat/completions "HTTP/1.1 200 OK"
2026-07-30 23:34:17,514 HTTP Request: POST https://router.huggingface.co/featherless-ai/v1/chat/completions "HTTP/1.1 200 OK"
2026-07-30 23:34:17,746 HTTP Request: POST https://router.huggingface.co/featherless-ai/v1/chat/completions "HTTP/1.1 200 OK"
2026-07-30 23:34:17,968 HTTP Request: POST https://router.huggingface.co/featherless-ai/v1/chat/completions "HTTP/1.1 200 OK"
2026-07-30 23:34:18,323 HTTP Request: POST https://router.huggingface.co/featherless-ai/v1/chat/completions "HTTP/1.1 200 OK"
2026-07-30 23:34:18,476 HTTP Request: POST https://router.huggingface.co/featherless-ai/v1/chat/completions "HTTP/1.1 200 OK"
2026-07-30 23:34:19,253 [850/4800] ok=850 fail=0 rate=2.9/s eta=1341s
2026-07-30 23:34:19,334 HTTP Request: POST https://router.huggingface.co/featherless-ai/v1/chat/completions "HTTP/1.1 200 OK"
2026-07-30 23:34:19,338 HTTP Request: POST https://router.huggingface.co/featherless-ai/v1/chat/completions "HTTP/1.1 200 OK"
2026-07-30 23:34:19,706 HTTP Request: POST https://router.huggingface.co/featherless-ai/v1/chat/completions "HTTP/1.1 200 OK"
2026-07-30 23:34:19,810 HTTP Request: POST https://router.huggingface.co/featherless-ai/v1/chat/completions "HTTP/1.1 200 OK"
2026-07-30 23:34:19,952 HTTP Request: POST https://router.huggingface.co/featherless-ai/v1/chat/completions "HTTP/1.1 200 OK"
2026-07-30 23:34:20,172 HTTP Request: POST https://router.huggingface.co/featherless-ai/v1/chat/completions "HTTP/1.1 200 OK"
2026-07-30 23:34:20,347 HTTP Request: POST https://router.huggingface.co/featherless-ai/v1/chat/completions "HTTP/1.1 200 OK"
2026-07-30 23:34:20,881 HTTP Request: POST https://router.huggingface.co/featherless-ai/v1/chat/completions "HTTP/1.1 200 OK"
2026-07-30 23:34:21,043 HTTP Request: POST https://router.huggingface.co/featherless-ai/v1/chat/completions "HTTP/1.1 200 OK"
2026-07-30 23:34:21,324 HTTP Request: POST https://router.huggingface.co/featherless-ai/v1/chat/completions "HTTP/1.1 200 OK"
2026-07-30 23:34:21,333 HTTP Request: POST https://router.huggingface.co/featherless-ai/v1/chat/completions "HTTP/1.1 200 OK"
2026-07-30 23:34:21,553 HTTP Request: POST https://router.huggingface.co/featherless-ai/v1/chat/completions "HTTP/1.1 200 OK"
2026-07-30 23:34:21,639 HTTP Request: POST https://router.huggingface.co/featherless-ai/v1/chat/completions "HTTP/1.1 200 OK"
2026-07-30 23:34:21,922 HTTP Request: POST https://router.huggingface.co/featherless-ai/v1/chat/completions "HTTP/1.1 200 OK"
2026-07-30 23:34:22,151 HTTP Request: POST https://router.huggingface.co/featherless-ai/v1/chat/completions "HTTP/1.1 200 OK"
2026-07-30 23:34:22,681 HTTP Request: POST https://router.huggingface.co/featherless-ai/v1/chat/completions "HTTP/1.1 200 OK"
2026-07-30 23:34:23,201 HTTP Request: POST https://router.huggingface.co/featherless-ai/v1/chat/completions "HTTP/1.1 200 OK"
2026-07-30 23:34:23,299 HTTP Request: POST https://router.huggingface.co/featherless-ai/v1/chat/completions "HTTP/1.1 200 OK"
2026-07-30 23:34:23,387 HTTP Request: POST https://router.huggingface.co/featherless-ai/v1/chat/completions "HTTP/1.1 200 OK"
2026-07-30 23:34:23,691 HTTP Request: POST https://router.huggingface.co/featherless-ai/v1/chat/completions "HTTP/1.1 200 OK"
2026-07-30 23:34:23,844 HTTP Request: POST https://router.huggingface.co/featherless-ai/v1/chat/completions "HTTP/1.1 200 OK"
2026-07-30 23:34:24,052 HTTP Request: POST https://router.huggingface.co/featherless-ai/v1/chat/completions "HTTP/1.1 200 OK"
2026-07-30 23:34:24,258 HTTP Request: POST https://router.huggingface.co/featherless-ai/v1/chat/completions "HTTP/1.1 200 OK"
2026-07-30 23:34:24,808 HTTP Request: POST https://router.huggingface.co/featherless-ai/v1/chat/completions "HTTP/1.1 200 OK"
2026-07-30 23:34:24,987 HTTP Request: POST https://router.huggingface.co/featherless-ai/v1/chat/completions "HTTP/1.1 200 OK"
2026-07-30 23:34:25,196 HTTP Request: POST https://router.huggingface.co/featherless-ai/v1/chat/completions "HTTP/1.1 200 OK"
2026-07-30 23:34:25,343 HTTP Request: POST https://router.huggingface.co/featherless-ai/v1/chat/completions "HTTP/1.1 200 OK"
2026-07-30 23:34:25,507 HTTP Request: POST https://router.huggingface.co/featherless-ai/v1/chat/completions "HTTP/1.1 200 OK"
2026-07-30 23:34:25,536 [875/4800] ok=875 fail=0 rate=3.0/s eta=1323s
2026-07-30 23:34:25,792 HTTP Request: POST https://router.huggingface.co/featherless-ai/v1/chat/completions "HTTP/1.1 200 OK"
2026-07-30 23:34:25,942 HTTP Request: POST https://router.huggingface.co/featherless-ai/v1/chat/completions "HTTP/1.1 200 OK"
2026-07-30 23:34:26,551 HTTP Request: POST https://router.huggingface.co/featherless-ai/v1/chat/completions "HTTP/1.1 200 OK"
2026-07-30 23:34:26,669 HTTP Request: POST https://router.huggingface.co/featherless-ai/v1/chat/completions "HTTP/1.1 200 OK"
2026-07-30 23:34:26,827 HTTP Request: POST https://router.huggingface.co/featherless-ai/v1/chat/completions "HTTP/1.1 200 OK"
2026-07-30 23:34:26,988 HTTP Request: POST https://router.huggingface.co/featherless-ai/v1/chat/completions "HTTP/1.1 200 OK"
2026-07-30 23:34:27,216 HTTP Request: POST https://router.huggingface.co/featherless-ai/v1/chat/completions "HTTP/1.1 200 OK"
2026-07-30 23:34:27,443 HTTP Request: POST https://router.huggingface.co/featherless-ai/v1/chat/completions "HTTP/1.1 200 OK"
2026-07-30 23:34:27,684 HTTP Request: POST https://router.huggingface.co/featherless-ai/v1/chat/completions "HTTP/1.1 200 OK"
2026-07-30 23:34:28,269 HTTP Request: POST https://router.huggingface.co/featherless-ai/v1/chat/completions "HTTP/1.1 200 OK"
2026-07-30 23:34:28,282 HTTP Request: POST https://router.huggingface.co/featherless-ai/v1/chat/completions "HTTP/1.1 200 OK"
2026-07-30 23:34:28,401 HTTP Request: POST https://router.huggingface.co/featherless-ai/v1/chat/completions "HTTP/1.1 200 OK"
2026-07-30 23:34:29,008 HTTP Request: POST https://router.huggingface.co/featherless-ai/v1/chat/completions "HTTP/1.1 200 OK"
2026-07-30 23:34:29,039 HTTP Request: POST https://router.huggingface.co/featherless-ai/v1/chat/completions "HTTP/1.1 200 OK"
2026-07-30 23:34:29,040 HTTP Request: POST https://router.huggingface.co/featherless-ai/v1/chat/completions "HTTP/1.1 200 OK"
2026-07-30 23:34:29,123 HTTP Request: POST https://router.huggingface.co/featherless-ai/v1/chat/completions "HTTP/1.1 200 OK"
2026-07-30 23:34:30,023 HTTP Request: POST https://router.huggingface.co/featherless-ai/v1/chat/completions "HTTP/1.1 200 OK"
2026-07-30 23:34:30,144 HTTP Request: POST https://router.huggingface.co/featherless-ai/v1/chat/completions "HTTP/1.1 200 OK"
2026-07-30 23:34:30,242 HTTP Request: POST https://router.huggingface.co/featherless-ai/v1/chat/completions "HTTP/1.1 200 OK"
2026-07-30 23:34:30,463 HTTP Request: POST https://router.huggingface.co/featherless-ai/v1/chat/completions "HTTP/1.1 200 OK"
2026-07-30 23:34:30,676 HTTP Request: POST https://router.huggingface.co/featherless-ai/v1/chat/completions "HTTP/1.1 200 OK"
2026-07-30 23:34:30,963 HTTP Request: POST https://router.huggingface.co/featherless-ai/v1/chat/completions "HTTP/1.1 200 OK"
2026-07-30 23:34:31,099 HTTP Request: POST https://router.huggingface.co/featherless-ai/v1/chat/completions "HTTP/1.1 200 OK"
2026-07-30 23:34:31,584 [900/4800] ok=900 fail=0 rate=3.0/s eta=1304s
2026-07-30 23:34:31,589 HTTP Request: POST https://router.huggingface.co/featherless-ai/v1/chat/completions "HTTP/1.1 200 OK"
2026-07-30 23:34:32,023 HTTP Request: POST https://router.huggingface.co/featherless-ai/v1/chat/completions "HTTP/1.1 200 OK"
2026-07-30 23:34:32,233 HTTP Request: POST https://router.huggingface.co/featherless-ai/v1/chat/completions "HTTP/1.1 200 OK"
2026-07-30 23:34:32,252 HTTP Request: POST https://router.huggingface.co/featherless-ai/v1/chat/completions "HTTP/1.1 200 OK"
2026-07-30 23:34:32,394 HTTP Request: POST https://router.huggingface.co/featherless-ai/v1/chat/completions "HTTP/1.1 200 OK"
2026-07-30 23:34:32,425 HTTP Request: POST https://router.huggingface.co/featherless-ai/v1/chat/completions "HTTP/1.1 200 OK"
2026-07-30 23:34:32,616 HTTP Request: POST https://router.huggingface.co/featherless-ai/v1/chat/completions "HTTP/1.1 200 OK"
2026-07-30 23:34:33,032 HTTP Request: POST https://router.huggingface.co/featherless-ai/v1/chat/completions "HTTP/1.1 200 OK"
2026-07-30 23:34:33,433 HTTP Request: POST https://router.huggingface.co/featherless-ai/v1/chat/completions "HTTP/1.1 200 OK"
2026-07-30 23:34:33,815 HTTP Request: POST https://router.huggingface.co/featherless-ai/v1/chat/completions "HTTP/1.1 200 OK"
2026-07-30 23:34:34,033 HTTP Request: POST https://router.huggingface.co/featherless-ai/v1/chat/completions "HTTP/1.1 200 OK"
2026-07-30 23:34:34,188 HTTP Request: POST https://router.huggingface.co/featherless-ai/v1/chat/completions "HTTP/1.1 200 OK"
2026-07-30 23:34:34,344 HTTP Request: POST https://router.huggingface.co/featherless-ai/v1/chat/completions "HTTP/1.1 200 OK"
2026-07-30 23:34:34,628 HTTP Request: POST https://router.huggingface.co/featherless-ai/v1/chat/completions "HTTP/1.1 200 OK"
2026-07-30 23:34:34,818 HTTP Request: POST https://router.huggingface.co/featherless-ai/v1/chat/completions "HTTP/1.1 200 OK"
2026-07-30 23:34:34,911 HTTP Request: POST https://router.huggingface.co/featherless-ai/v1/chat/completions "HTTP/1.1 200 OK"
2026-07-30 23:34:35,365 HTTP Request: POST https://router.huggingface.co/featherless-ai/v1/chat/completions "HTTP/1.1 200 OK"
2026-07-30 23:34:35,492 HTTP Request: POST https://router.huggingface.co/featherless-ai/v1/chat/completions "HTTP/1.1 200 OK"
2026-07-30 23:34:35,908 HTTP Request: POST https://router.huggingface.co/featherless-ai/v1/chat/completions "HTTP/1.1 200 OK"
2026-07-30 23:34:36,402 HTTP Request: POST https://router.huggingface.co/featherless-ai/v1/chat/completions "HTTP/1.1 200 OK"
2026-07-30 23:34:36,402 HTTP Request: POST https://router.huggingface.co/featherless-ai/v1/chat/completions "HTTP/1.1 200 OK"
2026-07-30 23:34:36,402 HTTP Request: POST https://router.huggingface.co/featherless-ai/v1/chat/completions "HTTP/1.1 200 OK"
2026-07-30 23:34:36,602 HTTP Request: POST https://router.huggingface.co/featherless-ai/v1/chat/completions "HTTP/1.1 200 OK"
2026-07-30 23:34:36,885 HTTP Request: POST https://router.huggingface.co/featherless-ai/v1/chat/completions "HTTP/1.1 200 OK"
2026-07-30 23:34:37,561 HTTP Request: POST https://router.huggingface.co/featherless-ai/v1/chat/completions "HTTP/1.1 200 OK"
2026-07-30 23:34:37,649 HTTP Request: POST https://router.huggingface.co/featherless-ai/v1/chat/completions "HTTP/1.1 200 OK"
2026-07-30 23:34:37,946 HTTP Request: POST https://router.huggingface.co/featherless-ai/v1/chat/completions "HTTP/1.1 200 OK"
2026-07-30 23:34:38,151 HTTP Request: POST https://router.huggingface.co/featherless-ai/v1/chat/completions "HTTP/1.1 200 OK"
2026-07-30 23:34:38,263 [925/4800] ok=925 fail=0 rate=3.0/s eta=1289s
2026-07-30 23:34:38,266 HTTP Request: POST https://router.huggingface.co/featherless-ai/v1/chat/completions "HTTP/1.1 200 OK"
2026-07-30 23:34:38,502 HTTP Request: POST https://router.huggingface.co/featherless-ai/v1/chat/completions "HTTP/1.1 200 OK"
2026-07-30 23:34:38,789 HTTP Request: POST https://router.huggingface.co/featherless-ai/v1/chat/completions "HTTP/1.1 200 OK"
2026-07-30 23:34:39,276 HTTP Request: POST https://router.huggingface.co/featherless-ai/v1/chat/completions "HTTP/1.1 200 OK"
2026-07-30 23:34:39,350 HTTP Request: POST https://router.huggingface.co/featherless-ai/v1/chat/completions "HTTP/1.1 200 OK"
2026-07-30 23:34:39,366 HTTP Request: POST https://router.huggingface.co/featherless-ai/v1/chat/completions "HTTP/1.1 200 OK"
2026-07-30 23:34:39,678 HTTP Request: POST https://router.huggingface.co/featherless-ai/v1/chat/completions "HTTP/1.1 200 OK"
2026-07-30 23:34:39,875 HTTP Request: POST https://router.huggingface.co/featherless-ai/v1/chat/completions "HTTP/1.1 200 OK"
2026-07-30 23:34:39,914 HTTP Request: POST https://router.huggingface.co/featherless-ai/v1/chat/completions "HTTP/1.1 200 OK"
2026-07-30 23:34:40,103 HTTP Request: POST https://router.huggingface.co/featherless-ai/v1/chat/completions "HTTP/1.1 200 OK"
2026-07-30 23:34:40,788 HTTP Request: POST https://router.huggingface.co/featherless-ai/v1/chat/completions "HTTP/1.1 200 OK"
2026-07-30 23:34:40,920 HTTP Request: POST https://router.huggingface.co/featherless-ai/v1/chat/completions "HTTP/1.1 200 OK"
2026-07-30 23:34:41,514 HTTP Request: POST https://router.huggingface.co/featherless-ai/v1/chat/completions "HTTP/1.1 200 OK"
2026-07-30 23:34:41,515 HTTP Request: POST https://router.huggingface.co/featherless-ai/v1/chat/completions "HTTP/1.1 200 OK"
2026-07-30 23:34:41,519 HTTP Request: POST https://router.huggingface.co/featherless-ai/v1/chat/completions "HTTP/1.1 200 OK"
2026-07-30 23:34:42,028 HTTP Request: POST https://router.huggingface.co/featherless-ai/v1/chat/completions "HTTP/1.1 200 OK"
2026-07-30 23:34:42,043 HTTP Request: POST https://router.huggingface.co/featherless-ai/v1/chat/completions "HTTP/1.1 200 OK"
2026-07-30 23:34:42,082 HTTP Request: POST https://router.huggingface.co/featherless-ai/v1/chat/completions "HTTP/1.1 200 OK"
2026-07-30 23:34:42,839 HTTP Request: POST https://router.huggingface.co/featherless-ai/v1/chat/completions "HTTP/1.1 200 OK"
2026-07-30 23:34:42,847 HTTP Request: POST https://router.huggingface.co/featherless-ai/v1/chat/completions "HTTP/1.1 200 OK"
2026-07-30 23:34:43,054 HTTP Request: POST https://router.huggingface.co/featherless-ai/v1/chat/completions "HTTP/1.1 200 OK"
2026-07-30 23:34:43,249 HTTP Request: POST https://router.huggingface.co/featherless-ai/v1/chat/completions "HTTP/1.1 200 OK"
2026-07-30 23:34:43,549 HTTP Request: POST https://router.huggingface.co/featherless-ai/v1/chat/completions "HTTP/1.1 200 OK"
2026-07-30 23:34:43,569 [950/4800] ok=950 fail=0 rate=3.0/s eta=1268s
2026-07-30 23:34:43,576 HTTP Request: POST https://router.huggingface.co/featherless-ai/v1/chat/completions "HTTP/1.1 200 OK"
2026-07-30 23:34:43,832 HTTP Request: POST https://router.huggingface.co/featherless-ai/v1/chat/completions "HTTP/1.1 200 OK"
2026-07-30 23:34:44,044 HTTP Request: POST https://router.huggingface.co/featherless-ai/v1/chat/completions "HTTP/1.1 200 OK"
2026-07-30 23:34:44,418 HTTP Request: POST https://router.huggingface.co/featherless-ai/v1/chat/completions "HTTP/1.1 200 OK"
2026-07-30 23:34:44,606 HTTP Request: POST https://router.huggingface.co/featherless-ai/v1/chat/completions "HTTP/1.1 200 OK"
2026-07-30 23:34:44,998 HTTP Request: POST https://router.huggingface.co/featherless-ai/v1/chat/completions "HTTP/1.1 200 OK"
2026-07-30 23:34:45,284 HTTP Request: POST https://router.huggingface.co/featherless-ai/v1/chat/completions "HTTP/1.1 200 OK"
2026-07-30 23:34:45,458 HTTP Request: POST https://router.huggingface.co/featherless-ai/v1/chat/completions "HTTP/1.1 200 OK"
2026-07-30 23:34:45,608 HTTP Request: POST https://router.huggingface.co/featherless-ai/v1/chat/completions "HTTP/1.1 200 OK"
2026-07-30 23:34:45,804 HTTP Request: POST https://router.huggingface.co/featherless-ai/v1/chat/completions "HTTP/1.1 200 OK"
2026-07-30 23:34:45,995 HTTP Request: POST https://router.huggingface.co/featherless-ai/v1/chat/completions "HTTP/1.1 200 OK"
2026-07-30 23:34:46,095 HTTP Request: POST https://router.huggingface.co/featherless-ai/v1/chat/completions "HTTP/1.1 200 OK"
2026-07-30 23:34:46,185 HTTP Request: POST https://router.huggingface.co/featherless-ai/v1/chat/completions "HTTP/1.1 200 OK"
2026-07-30 23:34:46,842 HTTP Request: POST https://router.huggingface.co/featherless-ai/v1/chat/completions "HTTP/1.1 200 OK"
2026-07-30 23:34:47,031 HTTP Request: POST https://router.huggingface.co/featherless-ai/v1/chat/completions "HTTP/1.1 200 OK"
2026-07-30 23:34:47,457 HTTP Request: POST https://router.huggingface.co/featherless-ai/v1/chat/completions "HTTP/1.1 200 OK"
2026-07-30 23:34:47,507 HTTP Request: POST https://router.huggingface.co/featherless-ai/v1/chat/completions "HTTP/1.1 200 OK"
2026-07-30 23:34:47,647 HTTP Request: POST https://router.huggingface.co/featherless-ai/v1/chat/completions "HTTP/1.1 200 OK"
2026-07-30 23:34:48,269 HTTP Request: POST https://router.huggingface.co/featherless-ai/v1/chat/completions "HTTP/1.1 200 OK"
2026-07-30 23:34:48,404 HTTP Request: POST https://router.huggingface.co/featherless-ai/v1/chat/completions "HTTP/1.1 200 OK"
2026-07-30 23:34:48,404 HTTP Request: POST https://router.huggingface.co/featherless-ai/v1/chat/completions "HTTP/1.1 200 OK"
2026-07-30 23:34:48,686 HTTP Request: POST https://router.huggingface.co/featherless-ai/v1/chat/completions "HTTP/1.1 200 OK"
2026-07-30 23:34:49,024 HTTP Request: POST https://router.huggingface.co/featherless-ai/v1/chat/completions "HTTP/1.1 200 OK"
2026-07-30 23:34:49,180 HTTP Request: POST https://router.huggingface.co/featherless-ai/v1/chat/completions "HTTP/1.1 200 OK"
2026-07-30 23:34:49,253 HTTP Request: POST https://router.huggingface.co/featherless-ai/v1/chat/completions "HTTP/1.1 200 OK"
2026-07-30 23:34:49,403 HTTP Request: POST https://router.huggingface.co/featherless-ai/v1/chat/completions "HTTP/1.1 200 OK"
2026-07-30 23:34:49,570 [975/4800] ok=975 fail=0 rate=3.1/s eta=1251s
2026-07-30 23:34:49,837 HTTP Request: POST https://router.huggingface.co/featherless-ai/v1/chat/completions "HTTP/1.1 200 OK"
2026-07-30 23:34:49,951 HTTP Request: POST https://router.huggingface.co/featherless-ai/v1/chat/completions "HTTP/1.1 200 OK"
2026-07-30 23:34:50,272 HTTP Request: POST https://router.huggingface.co/featherless-ai/v1/chat/completions "HTTP/1.1 200 OK"
2026-07-30 23:34:50,456 HTTP Request: POST https://router.huggingface.co/featherless-ai/v1/chat/completions "HTTP/1.1 200 OK"
2026-07-30 23:34:50,641 HTTP Request: POST https://router.huggingface.co/featherless-ai/v1/chat/completions "HTTP/1.1 200 OK"
2026-07-30 23:34:51,134 HTTP Request: POST https://router.huggingface.co/featherless-ai/v1/chat/completions "HTTP/1.1 200 OK"
2026-07-30 23:34:51,149 HTTP Request: POST https://router.huggingface.co/featherless-ai/v1/chat/completions "HTTP/1.1 200 OK"
2026-07-30 23:34:51,357 HTTP Request: POST https://router.huggingface.co/featherless-ai/v1/chat/completions "HTTP/1.1 200 OK"
2026-07-30 23:34:51,542 HTTP Request: POST https://router.huggingface.co/featherless-ai/v1/chat/completions "HTTP/1.1 200 OK"
2026-07-30 23:34:51,753 HTTP Request: POST https://router.huggingface.co/featherless-ai/v1/chat/completions "HTTP/1.1 200 OK"
2026-07-30 23:34:52,024 HTTP Request: POST https://router.huggingface.co/featherless-ai/v1/chat/completions "HTTP/1.1 200 OK"
2026-07-30 23:34:52,048 HTTP Request: POST https://router.huggingface.co/featherless-ai/v1/chat/completions "HTTP/1.1 200 OK"
2026-07-30 23:34:52,180 HTTP Request: POST https://router.huggingface.co/featherless-ai/v1/chat/completions "HTTP/1.1 200 OK"
2026-07-30 23:34:53,104 HTTP Request: POST https://router.huggingface.co/featherless-ai/v1/chat/completions "HTTP/1.1 200 OK"
2026-07-30 23:34:53,390 HTTP Request: POST https://router.huggingface.co/featherless-ai/v1/chat/completions "HTTP/1.1 200 OK"
2026-07-30 23:34:53,519 HTTP Request: POST https://router.huggingface.co/featherless-ai/v1/chat/completions "HTTP/1.1 200 OK"
2026-07-30 23:34:53,724 HTTP Request: POST https://router.huggingface.co/featherless-ai/v1/chat/completions "HTTP/1.1 200 OK"
2026-07-30 23:34:53,923 HTTP Request: POST https://router.huggingface.co/featherless-ai/v1/chat/completions "HTTP/1.1 200 OK"
2026-07-30 23:34:54,130 HTTP Request: POST https://router.huggingface.co/featherless-ai/v1/chat/completions "HTTP/1.1 200 OK"
2026-07-30 23:34:54,321 HTTP Request: POST https://router.huggingface.co/featherless-ai/v1/chat/completions "HTTP/1.1 200 OK"
2026-07-30 23:34:54,528 HTTP Request: POST https://router.huggingface.co/featherless-ai/v1/chat/completions "HTTP/1.1 200 OK"
2026-07-30 23:34:54,848 HTTP Request: POST https://router.huggingface.co/featherless-ai/v1/chat/completions "HTTP/1.1 200 OK"
2026-07-30 23:34:55,076 HTTP Request: POST https://router.huggingface.co/featherless-ai/v1/chat/completions "HTTP/1.1 200 OK"
2026-07-30 23:34:55,224 HTTP Request: POST https://router.huggingface.co/featherless-ai/v1/chat/completions "HTTP/1.1 200 OK"
2026-07-30 23:34:55,315 [1000/4800] ok=1000 fail=0 rate=3.1/s eta=1234s
2026-07-30 23:34:55,565 HTTP Request: POST https://router.huggingface.co/featherless-ai/v1/chat/completions "HTTP/1.1 200 OK"
2026-07-30 23:34:55,980 HTTP Request: POST https://router.huggingface.co/featherless-ai/v1/chat/completions "HTTP/1.1 200 OK"
2026-07-30 23:34:56,037 HTTP Request: POST https://router.huggingface.co/featherless-ai/v1/chat/completions "HTTP/1.1 200 OK"
2026-07-30 23:34:56,484 HTTP Request: POST https://router.huggingface.co/featherless-ai/v1/chat/completions "HTTP/1.1 200 OK"
2026-07-30 23:34:56,590 HTTP Request: POST https://router.huggingface.co/featherless-ai/v1/chat/completions "HTTP/1.1 200 OK"
2026-07-30 23:34:57,022 HTTP Request: POST https://router.huggingface.co/featherless-ai/v1/chat/completions "HTTP/1.1 200 OK"
2026-07-30 23:34:57,189 HTTP Request: POST https://router.huggingface.co/featherless-ai/v1/chat/completions "HTTP/1.1 200 OK"
2026-07-30 23:34:57,272 HTTP Request: POST https://router.huggingface.co/featherless-ai/v1/chat/completions "HTTP/1.1 200 OK"
2026-07-30 23:34:57,276 HTTP Request: POST https://router.huggingface.co/featherless-ai/v1/chat/completions "HTTP/1.1 200 OK"
2026-07-30 23:34:57,663 HTTP Request: POST https://router.huggingface.co/featherless-ai/v1/chat/completions "HTTP/1.1 200 OK"
2026-07-30 23:34:57,854 HTTP Request: POST https://router.huggingface.co/featherless-ai/v1/chat/completions "HTTP/1.1 200 OK"
2026-07-30 23:34:58,085 HTTP Request: POST https://router.huggingface.co/featherless-ai/v1/chat/completions "HTTP/1.1 200 OK"
2026-07-30 23:34:58,236 HTTP Request: POST https://router.huggingface.co/featherless-ai/v1/chat/completions "HTTP/1.1 200 OK"
2026-07-30 23:34:58,697 HTTP Request: POST https://router.huggingface.co/featherless-ai/v1/chat/completions "HTTP/1.1 200 OK"
2026-07-30 23:34:58,918 HTTP Request: POST https://router.huggingface.co/featherless-ai/v1/chat/completions "HTTP/1.1 200 OK"
2026-07-30 23:34:58,933 HTTP Request: POST https://router.huggingface.co/featherless-ai/v1/chat/completions "HTTP/1.1 200 OK"
2026-07-30 23:34:59,178 HTTP Request: POST https://router.huggingface.co/featherless-ai/v1/chat/completions "HTTP/1.1 200 OK"
2026-07-30 23:34:59,473 HTTP Request: POST https://router.huggingface.co/featherless-ai/v1/chat/completions "HTTP/1.1 200 OK"
2026-07-30 23:34:59,619 HTTP Request: POST https://router.huggingface.co/featherless-ai/v1/chat/completions "HTTP/1.1 200 OK"
2026-07-30 23:34:59,864 HTTP Request: POST https://router.huggingface.co/featherless-ai/v1/chat/completions "HTTP/1.1 200 OK"
2026-07-30 23:35:00,062 HTTP Request: POST https://router.huggingface.co/featherless-ai/v1/chat/completions "HTTP/1.1 200 OK"
2026-07-30 23:35:00,472 HTTP Request: POST https://router.huggingface.co/featherless-ai/v1/chat/completions "HTTP/1.1 200 OK"
2026-07-30 23:35:00,790 HTTP Request: POST https://router.huggingface.co/featherless-ai/v1/chat/completions "HTTP/1.1 200 OK"
2026-07-30 23:35:01,004 HTTP Request: POST https://router.huggingface.co/featherless-ai/v1/chat/completions "HTTP/1.1 200 OK"
2026-07-30 23:35:01,083 HTTP Request: POST https://router.huggingface.co/featherless-ai/v1/chat/completions "HTTP/1.1 200 OK"
2026-07-30 23:35:01,206 [1025/4800] ok=1025 fail=0 rate=3.1/s eta=1217s
2026-07-30 23:35:01,316 HTTP Request: POST https://router.huggingface.co/featherless-ai/v1/chat/completions "HTTP/1.1 200 OK"
2026-07-30 23:35:01,651 HTTP Request: POST https://router.huggingface.co/featherless-ai/v1/chat/completions "HTTP/1.1 200 OK"
2026-07-30 23:35:01,664 HTTP Request: POST https://router.huggingface.co/featherless-ai/v1/chat/completions "HTTP/1.1 200 OK"
2026-07-30 23:35:02,445 HTTP Request: POST https://router.huggingface.co/featherless-ai/v1/chat/completions "HTTP/1.1 200 OK"
2026-07-30 23:35:02,580 HTTP Request: POST https://router.huggingface.co/featherless-ai/v1/chat/completions "HTTP/1.1 200 OK"
2026-07-30 23:35:02,709 HTTP Request: POST https://router.huggingface.co/featherless-ai/v1/chat/completions "HTTP/1.1 200 OK"
2026-07-30 23:35:02,884 HTTP Request: POST https://router.huggingface.co/featherless-ai/v1/chat/completions "HTTP/1.1 200 OK"
2026-07-30 23:35:03,061 HTTP Request: POST https://router.huggingface.co/featherless-ai/v1/chat/completions "HTTP/1.1 200 OK"
2026-07-30 23:35:03,252 HTTP Request: POST https://router.huggingface.co/featherless-ai/v1/chat/completions "HTTP/1.1 200 OK"
2026-07-30 23:35:03,421 HTTP Request: POST https://router.huggingface.co/featherless-ai/v1/chat/completions "HTTP/1.1 200 OK"
2026-07-30 23:35:03,638 HTTP Request: POST https://router.huggingface.co/featherless-ai/v1/chat/completions "HTTP/1.1 200 OK"
2026-07-30 23:35:04,056 HTTP Request: POST https://router.huggingface.co/featherless-ai/v1/chat/completions "HTTP/1.1 200 OK"
2026-07-30 23:35:04,403 HTTP Request: POST https://router.huggingface.co/featherless-ai/v1/chat/completions "HTTP/1.1 200 OK"
2026-07-30 23:35:04,470 HTTP Request: POST https://router.huggingface.co/featherless-ai/v1/chat/completions "HTTP/1.1 200 OK"
2026-07-30 23:35:04,964 HTTP Request: POST https://router.huggingface.co/featherless-ai/v1/chat/completions "HTTP/1.1 200 OK"
2026-07-30 23:35:05,162 HTTP Request: POST https://router.huggingface.co/featherless-ai/v1/chat/completions "HTTP/1.1 200 OK"
2026-07-30 23:35:05,320 HTTP Request: POST https://router.huggingface.co/featherless-ai/v1/chat/completions "HTTP/1.1 200 OK"
2026-07-30 23:35:05,396 HTTP Request: POST https://router.huggingface.co/featherless-ai/v1/chat/completions "HTTP/1.1 200 OK"
2026-07-30 23:35:05,668 HTTP Request: POST https://router.huggingface.co/featherless-ai/v1/chat/completions "HTTP/1.1 200 OK"
2026-07-30 23:35:06,005 HTTP Request: POST https://router.huggingface.co/featherless-ai/v1/chat/completions "HTTP/1.1 200 OK"
2026-07-30 23:35:06,090 HTTP Request: POST https://router.huggingface.co/featherless-ai/v1/chat/completions "HTTP/1.1 200 OK"
2026-07-30 23:35:06,157 HTTP Request: POST https://router.huggingface.co/featherless-ai/v1/chat/completions "HTTP/1.1 200 OK"
2026-07-30 23:35:06,819 HTTP Request: POST https://router.huggingface.co/featherless-ai/v1/chat/completions "HTTP/1.1 200 OK"
2026-07-30 23:35:07,005 HTTP Request: POST https://router.huggingface.co/featherless-ai/v1/chat/completions "HTTP/1.1 200 OK"
2026-07-30 23:35:07,149 HTTP Request: POST https://router.huggingface.co/featherless-ai/v1/chat/completions "HTTP/1.1 200 OK"
2026-07-30 23:35:07,313 [1050/4800] ok=1050 fail=0 rate=3.1/s eta=1202s
2026-07-30 23:35:07,555 HTTP Request: POST https://router.huggingface.co/featherless-ai/v1/chat/completions "HTTP/1.1 200 OK"
2026-07-30 23:35:07,977 HTTP Request: POST https://router.huggingface.co/featherless-ai/v1/chat/completions "HTTP/1.1 200 OK"
2026-07-30 23:35:07,977 HTTP Request: POST https://router.huggingface.co/featherless-ai/v1/chat/completions "HTTP/1.1 200 OK"
2026-07-30 23:35:08,177 HTTP Request: POST https://router.huggingface.co/featherless-ai/v1/chat/completions "HTTP/1.1 200 OK"
2026-07-30 23:35:08,361 HTTP Request: POST https://router.huggingface.co/featherless-ai/v1/chat/completions "HTTP/1.1 200 OK"
2026-07-30 23:35:08,482 HTTP Request: POST https://router.huggingface.co/featherless-ai/v1/chat/completions "HTTP/1.1 200 OK"
2026-07-30 23:35:08,749 HTTP Request: POST https://router.huggingface.co/featherless-ai/v1/chat/completions "HTTP/1.1 200 OK"
2026-07-30 23:35:08,872 HTTP Request: POST https://router.huggingface.co/featherless-ai/v1/chat/completions "HTTP/1.1 200 OK"
2026-07-30 23:35:09,803 HTTP Request: POST https://router.huggingface.co/featherless-ai/v1/chat/completions "HTTP/1.1 200 OK"
2026-07-30 23:35:10,010 HTTP Request: POST https://router.huggingface.co/featherless-ai/v1/chat/completions "HTTP/1.1 200 OK"
2026-07-30 23:35:10,162 HTTP Request: POST https://router.huggingface.co/featherless-ai/v1/chat/completions "HTTP/1.1 200 OK"
2026-07-30 23:35:10,280 HTTP Request: POST https://router.huggingface.co/featherless-ai/v1/chat/completions "HTTP/1.1 200 OK"
2026-07-30 23:35:10,545 HTTP Request: POST https://router.huggingface.co/featherless-ai/v1/chat/completions "HTTP/1.1 200 OK"
2026-07-30 23:35:10,895 HTTP Request: POST https://router.huggingface.co/featherless-ai/v1/chat/completions "HTTP/1.1 200 OK"
2026-07-30 23:35:10,900 HTTP Request: POST https://router.huggingface.co/featherless-ai/v1/chat/completions "HTTP/1.1 200 OK"
2026-07-30 23:35:11,198 HTTP Request: POST https://router.huggingface.co/featherless-ai/v1/chat/completions "HTTP/1.1 200 OK"
2026-07-30 23:35:11,610 HTTP Request: POST https://router.huggingface.co/featherless-ai/v1/chat/completions "HTTP/1.1 200 OK"
2026-07-30 23:35:11,887 HTTP Request: POST https://router.huggingface.co/featherless-ai/v1/chat/completions "HTTP/1.1 200 OK"
2026-07-30 23:35:11,898 HTTP Request: POST https://router.huggingface.co/featherless-ai/v1/chat/completions "HTTP/1.1 200 OK"
2026-07-30 23:35:12,136 HTTP Request: POST https://router.huggingface.co/featherless-ai/v1/chat/completions "HTTP/1.1 200 OK"
2026-07-30 23:35:12,468 HTTP Request: POST https://router.huggingface.co/featherless-ai/v1/chat/completions "HTTP/1.1 200 OK"
2026-07-30 23:35:12,660 HTTP Request: POST https://router.huggingface.co/featherless-ai/v1/chat/completions "HTTP/1.1 200 OK"
2026-07-30 23:35:12,853 HTTP Request: POST https://router.huggingface.co/featherless-ai/v1/chat/completions "HTTP/1.1 200 OK"
2026-07-30 23:35:13,397 HTTP Request: POST https://router.huggingface.co/featherless-ai/v1/chat/completions "HTTP/1.1 200 OK"
2026-07-30 23:35:13,559 HTTP Request: POST https://router.huggingface.co/featherless-ai/v1/chat/completions "HTTP/1.1 200 OK"
2026-07-30 23:35:13,737 HTTP Request: POST https://router.huggingface.co/featherless-ai/v1/chat/completions "HTTP/1.1 200 OK"
2026-07-30 23:35:13,913 [1075/4800] ok=1075 fail=0 rate=3.1/s eta=1189s
2026-07-30 23:35:13,969 HTTP Request: POST https://router.huggingface.co/featherless-ai/v1/chat/completions "HTTP/1.1 200 OK"
2026-07-30 23:35:14,211 HTTP Request: POST https://router.huggingface.co/featherless-ai/v1/chat/completions "HTTP/1.1 200 OK"
2026-07-30 23:35:14,844 HTTP Request: POST https://router.huggingface.co/featherless-ai/v1/chat/completions "HTTP/1.1 200 OK"
2026-07-30 23:35:14,933 HTTP Request: POST https://router.huggingface.co/featherless-ai/v1/chat/completions "HTTP/1.1 200 OK"
2026-07-30 23:35:14,939 HTTP Request: POST https://router.huggingface.co/featherless-ai/v1/chat/completions "HTTP/1.1 200 OK"
2026-07-30 23:35:14,971 HTTP Request: POST https://router.huggingface.co/featherless-ai/v1/chat/completions "HTTP/1.1 200 OK"
2026-07-30 23:35:15,176 HTTP Request: POST https://router.huggingface.co/featherless-ai/v1/chat/completions "HTTP/1.1 200 OK"
2026-07-30 23:35:15,419 HTTP Request: POST https://router.huggingface.co/featherless-ai/v1/chat/completions "HTTP/1.1 200 OK"
2026-07-30 23:35:15,712 HTTP Request: POST https://router.huggingface.co/featherless-ai/v1/chat/completions "HTTP/1.1 200 OK"
2026-07-30 23:35:15,812 HTTP Request: POST https://router.huggingface.co/featherless-ai/v1/chat/completions "HTTP/1.1 200 OK"
2026-07-30 23:35:16,502 HTTP Request: POST https://router.huggingface.co/featherless-ai/v1/chat/completions "HTTP/1.1 200 OK"
2026-07-30 23:35:16,737 HTTP Request: POST https://router.huggingface.co/featherless-ai/v1/chat/completions "HTTP/1.1 200 OK"
2026-07-30 23:35:16,899 HTTP Request: POST https://router.huggingface.co/featherless-ai/v1/chat/completions "HTTP/1.1 200 OK"
2026-07-30 23:35:17,059 HTTP Request: POST https://router.huggingface.co/featherless-ai/v1/chat/completions "HTTP/1.1 200 OK"
2026-07-30 23:35:17,375 HTTP Request: POST https://router.huggingface.co/featherless-ai/v1/chat/completions "HTTP/1.1 200 OK"
2026-07-30 23:35:17,549 HTTP Request: POST https://router.huggingface.co/featherless-ai/v1/chat/completions "HTTP/1.1 200 OK"
2026-07-30 23:35:17,934 HTTP Request: POST https://router.huggingface.co/featherless-ai/v1/chat/completions "HTTP/1.1 200 OK"
2026-07-30 23:35:18,119 HTTP Request: POST https://router.huggingface.co/featherless-ai/v1/chat/completions "HTTP/1.1 200 OK"
2026-07-30 23:35:18,183 HTTP Request: POST https://router.huggingface.co/featherless-ai/v1/chat/completions "HTTP/1.1 200 OK"
2026-07-30 23:35:18,397 HTTP Request: POST https://router.huggingface.co/featherless-ai/v1/chat/completions "HTTP/1.1 200 OK"
2026-07-30 23:35:18,545 HTTP Request: POST https://router.huggingface.co/featherless-ai/v1/chat/completions "HTTP/1.1 200 OK"
2026-07-30 23:35:18,972 HTTP Request: POST https://router.huggingface.co/featherless-ai/v1/chat/completions "HTTP/1.1 200 OK"
2026-07-30 23:35:19,007 HTTP Request: POST https://router.huggingface.co/featherless-ai/v1/chat/completions "HTTP/1.1 200 OK"
2026-07-30 23:35:19,151 HTTP Request: POST https://router.huggingface.co/featherless-ai/v1/chat/completions "HTTP/1.1 200 OK"
2026-07-30 23:35:19,639 [1100/4800] ok=1100 fail=0 rate=3.2/s eta=1174s
2026-07-30 23:35:19,733 HTTP Request: POST https://router.huggingface.co/featherless-ai/v1/chat/completions "HTTP/1.1 200 OK"
2026-07-30 23:35:19,975 HTTP Request: POST https://router.huggingface.co/featherless-ai/v1/chat/completions "HTTP/1.1 200 OK"
2026-07-30 23:35:20,049 HTTP Request: POST https://router.huggingface.co/featherless-ai/v1/chat/completions "HTTP/1.1 200 OK"
2026-07-30 23:35:20,320 HTTP Request: POST https://router.huggingface.co/featherless-ai/v1/chat/completions "HTTP/1.1 200 OK"
2026-07-30 23:35:20,511 HTTP Request: POST https://router.huggingface.co/featherless-ai/v1/chat/completions "HTTP/1.1 200 OK"
2026-07-30 23:35:20,846 HTTP Request: POST https://router.huggingface.co/featherless-ai/v1/chat/completions "HTTP/1.1 200 OK"
2026-07-30 23:35:21,060 HTTP Request: POST https://router.huggingface.co/featherless-ai/v1/chat/completions "HTTP/1.1 200 OK"
2026-07-30 23:35:21,079 HTTP Request: POST https://router.huggingface.co/featherless-ai/v1/chat/completions "HTTP/1.1 200 OK"
2026-07-30 23:35:21,303 HTTP Request: POST https://router.huggingface.co/featherless-ai/v1/chat/completions "HTTP/1.1 200 OK"
2026-07-30 23:35:21,925 HTTP Request: POST https://router.huggingface.co/featherless-ai/v1/chat/completions "HTTP/1.1 200 OK"
2026-07-30 23:35:22,070 HTTP Request: POST https://router.huggingface.co/featherless-ai/v1/chat/completions "HTTP/1.1 200 OK"
2026-07-30 23:35:22,591 HTTP Request: POST https://router.huggingface.co/featherless-ai/v1/chat/completions "HTTP/1.1 200 OK"
2026-07-30 23:35:22,700 HTTP Request: POST https://router.huggingface.co/featherless-ai/v1/chat/completions "HTTP/1.1 200 OK"
2026-07-30 23:35:22,747 HTTP Request: POST https://router.huggingface.co/featherless-ai/v1/chat/completions "HTTP/1.1 200 OK"
2026-07-30 23:35:22,936 HTTP Request: POST https://router.huggingface.co/featherless-ai/v1/chat/completions "HTTP/1.1 200 OK"
2026-07-30 23:35:23,094 HTTP Request: POST https://router.huggingface.co/featherless-ai/v1/chat/completions "HTTP/1.1 200 OK"
2026-07-30 23:35:23,199 HTTP Request: POST https://router.huggingface.co/featherless-ai/v1/chat/completions "HTTP/1.1 200 OK"
2026-07-30 23:35:23,461 HTTP Request: POST https://router.huggingface.co/featherless-ai/v1/chat/completions "HTTP/1.1 200 OK"
2026-07-30 23:35:23,640 HTTP Request: POST https://router.huggingface.co/featherless-ai/v1/chat/completions "HTTP/1.1 200 OK"
2026-07-30 23:35:24,488 HTTP Request: POST https://router.huggingface.co/featherless-ai/v1/chat/completions "HTTP/1.1 200 OK"
2026-07-30 23:35:24,623 HTTP Request: POST https://router.huggingface.co/featherless-ai/v1/chat/completions "HTTP/1.1 200 OK"
2026-07-30 23:35:27,459 HTTP Request: POST https://router.huggingface.co/featherless-ai/v1/chat/completions "HTTP/1.1 200 OK"
2026-07-30 23:35:28,507 HTTP Request: POST https://router.huggingface.co/featherless-ai/v1/chat/completions "HTTP/1.1 200 OK"
2026-07-30 23:35:28,726 HTTP Request: POST https://router.huggingface.co/featherless-ai/v1/chat/completions "HTTP/1.1 200 OK"
2026-07-30 23:35:29,026 [1125/4800] ok=1125 fail=0 rate=3.1/s eta=1171s
2026-07-30 23:35:29,119 HTTP Request: POST https://router.huggingface.co/featherless-ai/v1/chat/completions "HTTP/1.1 200 OK"
2026-07-30 23:35:32,131 HTTP Request: POST https://router.huggingface.co/featherless-ai/v1/chat/completions "HTTP/1.1 200 OK"
2026-07-30 23:35:38,092 HTTP Request: POST https://router.huggingface.co/featherless-ai/v1/chat/completions "HTTP/1.1 200 OK"
2026-07-30 23:35:39,872 HTTP Request: POST https://router.huggingface.co/featherless-ai/v1/chat/completions "HTTP/1.1 200 OK"
2026-07-30 23:35:40,827 HTTP Request: POST https://router.huggingface.co/featherless-ai/v1/chat/completions "HTTP/1.1 200 OK"
2026-07-30 23:35:41,656 HTTP Request: POST https://router.huggingface.co/featherless-ai/v1/chat/completions "HTTP/1.1 200 OK"
2026-07-30 23:35:41,666 HTTP Request: POST https://router.huggingface.co/featherless-ai/v1/chat/completions "HTTP/1.1 200 OK"
2026-07-30 23:35:41,672 HTTP Request: POST https://router.huggingface.co/featherless-ai/v1/chat/completions "HTTP/1.1 200 OK"
2026-07-30 23:35:42,515 HTTP Request: POST https://router.huggingface.co/featherless-ai/v1/chat/completions "HTTP/1.1 200 OK"
2026-07-30 23:35:44,181 HTTP Request: POST https://router.huggingface.co/featherless-ai/v1/chat/completions "HTTP/1.1 200 OK"
2026-07-30 23:35:44,636 HTTP Request: POST https://router.huggingface.co/featherless-ai/v1/chat/completions "HTTP/1.1 200 OK"
2026-07-30 23:35:44,939 HTTP Request: POST https://router.huggingface.co/featherless-ai/v1/chat/completions "HTTP/1.1 200 OK"
2026-07-30 23:35:46,764 HTTP Request: POST https://router.huggingface.co/featherless-ai/v1/chat/completions "HTTP/1.1 200 OK"
2026-07-30 23:35:46,962 HTTP Request: POST https://router.huggingface.co/featherless-ai/v1/chat/completions "HTTP/1.1 200 OK"
2026-07-30 23:35:47,805 HTTP Request: POST https://router.huggingface.co/featherless-ai/v1/chat/completions "HTTP/1.1 200 OK"
2026-07-30 23:35:47,935 HTTP Request: POST https://router.huggingface.co/featherless-ai/v1/chat/completions "HTTP/1.1 200 OK"
2026-07-30 23:35:47,953 HTTP Request: POST https://router.huggingface.co/featherless-ai/v1/chat/completions "HTTP/1.1 200 OK"
2026-07-30 23:35:48,387 HTTP Request: POST https://router.huggingface.co/featherless-ai/v1/chat/completions "HTTP/1.1 200 OK"
2026-07-30 23:35:49,090 HTTP Request: POST https://router.huggingface.co/featherless-ai/v1/chat/completions "HTTP/1.1 200 OK"
2026-07-30 23:35:49,434 HTTP Request: POST https://router.huggingface.co/featherless-ai/v1/chat/completions "HTTP/1.1 200 OK"
2026-07-30 23:35:49,763 HTTP Request: POST https://router.huggingface.co/featherless-ai/v1/chat/completions "HTTP/1.1 200 OK"
2026-07-30 23:35:49,771 HTTP Request: POST https://router.huggingface.co/featherless-ai/v1/chat/completions "HTTP/1.1 200 OK"
2026-07-30 23:35:50,191 HTTP Request: POST https://router.huggingface.co/featherless-ai/v1/chat/completions "HTTP/1.1 200 OK"
2026-07-30 23:35:50,987 [1150/4800] ok=1150 fail=0 rate=3.0/s eta=1207s
2026-07-30 23:35:51,039 HTTP Request: POST https://router.huggingface.co/featherless-ai/v1/chat/completions "HTTP/1.1 200 OK"
2026-07-30 23:35:51,262 HTTP Request: POST https://router.huggingface.co/featherless-ai/v1/chat/completions "HTTP/1.1 200 OK"
2026-07-30 23:35:51,858 HTTP Request: POST https://router.huggingface.co/featherless-ai/v1/chat/completions "HTTP/1.1 200 OK"
2026-07-30 23:35:51,987 HTTP Request: POST https://router.huggingface.co/featherless-ai/v1/chat/completions "HTTP/1.1 200 OK"
2026-07-30 23:35:52,106 HTTP Request: POST https://router.huggingface.co/featherless-ai/v1/chat/completions "HTTP/1.1 200 OK"
2026-07-30 23:35:52,150 HTTP Request: POST https://router.huggingface.co/featherless-ai/v1/chat/completions "HTTP/1.1 200 OK"
2026-07-30 23:35:52,161 HTTP Request: POST https://router.huggingface.co/featherless-ai/v1/chat/completions "HTTP/1.1 200 OK"
2026-07-30 23:35:52,181 HTTP Request: POST https://router.huggingface.co/featherless-ai/v1/chat/completions "HTTP/1.1 200 OK"
2026-07-30 23:35:52,669 HTTP Request: POST https://router.huggingface.co/featherless-ai/v1/chat/completions "HTTP/1.1 200 OK"
2026-07-30 23:35:53,743 HTTP Request: POST https://router.huggingface.co/featherless-ai/v1/chat/completions "HTTP/1.1 200 OK"
2026-07-30 23:35:53,822 HTTP Request: POST https://router.huggingface.co/featherless-ai/v1/chat/completions "HTTP/1.1 200 OK"
2026-07-30 23:35:54,182 HTTP Request: POST https://router.huggingface.co/featherless-ai/v1/chat/completions "HTTP/1.1 200 OK"
2026-07-30 23:35:54,222 HTTP Request: POST https://router.huggingface.co/featherless-ai/v1/chat/completions "HTTP/1.1 200 OK"
2026-07-30 23:35:54,435 HTTP Request: POST https://router.huggingface.co/featherless-ai/v1/chat/completions "HTTP/1.1 200 OK"
2026-07-30 23:35:54,548 HTTP Request: POST https://router.huggingface.co/featherless-ai/v1/chat/completions "HTTP/1.1 200 OK"
2026-07-30 23:35:54,788 HTTP Request: POST https://router.huggingface.co/featherless-ai/v1/chat/completions "HTTP/1.1 200 OK"
2026-07-30 23:35:54,844 HTTP Request: POST https://router.huggingface.co/featherless-ai/v1/chat/completions "HTTP/1.1 200 OK"
2026-07-30 23:35:56,235 HTTP Request: POST https://router.huggingface.co/featherless-ai/v1/chat/completions "HTTP/1.1 200 OK"
2026-07-30 23:35:56,543 HTTP Request: POST https://router.huggingface.co/featherless-ai/v1/chat/completions "HTTP/1.1 200 OK"
2026-07-30 23:35:56,811 HTTP Request: POST https://router.huggingface.co/featherless-ai/v1/chat/completions "HTTP/1.1 200 OK"
2026-07-30 23:35:57,068 HTTP Request: POST https://router.huggingface.co/featherless-ai/v1/chat/completions "HTTP/1.1 200 OK"
2026-07-30 23:35:57,091 HTTP Request: POST https://router.huggingface.co/featherless-ai/v1/chat/completions "HTTP/1.1 200 OK"
2026-07-30 23:35:57,210 HTTP Request: POST https://router.huggingface.co/featherless-ai/v1/chat/completions "HTTP/1.1 200 OK"
2026-07-30 23:35:57,688 HTTP Request: POST https://router.huggingface.co/featherless-ai/v1/chat/completions "HTTP/1.1 200 OK"
2026-07-30 23:35:57,851 HTTP Request: POST https://router.huggingface.co/featherless-ai/v1/chat/completions "HTTP/1.1 200 OK"
2026-07-30 23:35:58,206 HTTP Request: POST https://router.huggingface.co/featherless-ai/v1/chat/completions "HTTP/1.1 200 OK"
2026-07-30 23:35:58,250 HTTP Request: POST https://router.huggingface.co/featherless-ai/v1/chat/completions "HTTP/1.1 200 OK"
2026-07-30 23:35:58,562 [1175/4800] ok=1175 fail=0 rate=3.0/s eta=1197s
2026-07-30 23:35:58,624 HTTP Request: POST https://router.huggingface.co/featherless-ai/v1/chat/completions "HTTP/1.1 200 OK"
2026-07-30 23:35:58,809 HTTP Request: POST https://router.huggingface.co/featherless-ai/v1/chat/completions "HTTP/1.1 200 OK"
2026-07-30 23:35:59,119 HTTP Request: POST https://router.huggingface.co/featherless-ai/v1/chat/completions "HTTP/1.1 200 OK"
2026-07-30 23:35:59,237 HTTP Request: POST https://router.huggingface.co/featherless-ai/v1/chat/completions "HTTP/1.1 200 OK"
2026-07-30 23:35:59,833 HTTP Request: POST https://router.huggingface.co/featherless-ai/v1/chat/completions "HTTP/1.1 200 OK"
2026-07-30 23:35:59,842 HTTP Request: POST https://router.huggingface.co/featherless-ai/v1/chat/completions "HTTP/1.1 200 OK"
2026-07-30 23:36:00,014 HTTP Request: POST https://router.huggingface.co/featherless-ai/v1/chat/completions "HTTP/1.1 200 OK"
2026-07-30 23:36:00,154 HTTP Request: POST https://router.huggingface.co/featherless-ai/v1/chat/completions "HTTP/1.1 200 OK"
2026-07-30 23:36:00,512 HTTP Request: POST https://router.huggingface.co/featherless-ai/v1/chat/completions "HTTP/1.1 200 OK"
2026-07-30 23:36:00,753 HTTP Request: POST https://router.huggingface.co/featherless-ai/v1/chat/completions "HTTP/1.1 200 OK"
2026-07-30 23:36:00,943 HTTP Request: POST https://router.huggingface.co/featherless-ai/v1/chat/completions "HTTP/1.1 200 OK"
2026-07-30 23:36:01,267 HTTP Request: POST https://router.huggingface.co/featherless-ai/v1/chat/completions "HTTP/1.1 200 OK"
2026-07-30 23:36:01,635 HTTP Request: POST https://router.huggingface.co/featherless-ai/v1/chat/completions "HTTP/1.1 200 OK"
2026-07-30 23:36:01,953 HTTP Request: POST https://router.huggingface.co/featherless-ai/v1/chat/completions "HTTP/1.1 200 OK"
2026-07-30 23:36:02,286 HTTP Request: POST https://router.huggingface.co/featherless-ai/v1/chat/completions "HTTP/1.1 200 OK"
2026-07-30 23:36:02,687 HTTP Request: POST https://router.huggingface.co/featherless-ai/v1/chat/completions "HTTP/1.1 200 OK"
2026-07-30 23:36:02,705 HTTP Request: POST https://router.huggingface.co/featherless-ai/v1/chat/completions "HTTP/1.1 200 OK"
2026-07-30 23:36:03,151 HTTP Request: POST https://router.huggingface.co/featherless-ai/v1/chat/completions "HTTP/1.1 200 OK"
2026-07-30 23:36:03,432 HTTP Request: POST https://router.huggingface.co/featherless-ai/v1/chat/completions "HTTP/1.1 200 OK"
2026-07-30 23:36:03,902 HTTP Request: POST https://router.huggingface.co/featherless-ai/v1/chat/completions "HTTP/1.1 200 OK"
2026-07-30 23:36:03,976 HTTP Request: POST https://router.huggingface.co/featherless-ai/v1/chat/completions "HTTP/1.1 200 OK"
2026-07-30 23:36:04,180 HTTP Request: POST https://router.huggingface.co/featherless-ai/v1/chat/completions "HTTP/1.1 200 OK"
2026-07-30 23:36:04,316 HTTP Request: POST https://router.huggingface.co/featherless-ai/v1/chat/completions "HTTP/1.1 200 OK"
2026-07-30 23:36:04,502 HTTP Request: POST https://router.huggingface.co/featherless-ai/v1/chat/completions "HTTP/1.1 200 OK"
2026-07-30 23:36:04,528 HTTP Request: POST https://router.huggingface.co/featherless-ai/v1/chat/completions "HTTP/1.1 200 OK"
2026-07-30 23:36:04,843 HTTP Request: POST https://router.huggingface.co/featherless-ai/v1/chat/completions "HTTP/1.1 200 OK"
2026-07-30 23:36:05,252 HTTP Request: POST https://router.huggingface.co/featherless-ai/v1/chat/completions "HTTP/1.1 200 OK"
2026-07-30 23:36:05,273 [1200/4800] ok=1200 fail=0 rate=3.0/s eta=1184s
2026-07-30 23:36:06,115 HTTP Request: POST https://router.huggingface.co/featherless-ai/v1/chat/completions "HTTP/1.1 200 OK"
2026-07-30 23:36:06,421 HTTP Request: POST https://router.huggingface.co/featherless-ai/v1/chat/completions "HTTP/1.1 200 OK"
2026-07-30 23:36:08,049 HTTP Request: POST https://router.huggingface.co/featherless-ai/v1/chat/completions "HTTP/1.1 200 OK"
2026-07-30 23:36:08,122 HTTP Request: POST https://router.huggingface.co/featherless-ai/v1/chat/completions "HTTP/1.1 200 OK"
2026-07-30 23:36:08,139 HTTP Request: POST https://router.huggingface.co/featherless-ai/v1/chat/completions "HTTP/1.1 200 OK"
2026-07-30 23:36:08,837 HTTP Request: POST https://router.huggingface.co/featherless-ai/v1/chat/completions "HTTP/1.1 200 OK"
2026-07-30 23:36:09,101 HTTP Request: POST https://router.huggingface.co/featherless-ai/v1/chat/completions "HTTP/1.1 200 OK"
2026-07-30 23:36:09,302 HTTP Request: POST https://router.huggingface.co/featherless-ai/v1/chat/completions "HTTP/1.1 200 OK"
2026-07-30 23:36:09,819 HTTP Request: POST https://router.huggingface.co/featherless-ai/v1/chat/completions "HTTP/1.1 200 OK"
2026-07-30 23:36:09,924 HTTP Request: POST https://router.huggingface.co/featherless-ai/v1/chat/completions "HTTP/1.1 200 OK"
2026-07-30 23:36:09,936 HTTP Request: POST https://router.huggingface.co/featherless-ai/v1/chat/completions "HTTP/1.1 200 OK"
2026-07-30 23:36:10,117 HTTP Request: POST https://router.huggingface.co/featherless-ai/v1/chat/completions "HTTP/1.1 200 OK"
2026-07-30 23:36:10,290 HTTP Request: POST https://router.huggingface.co/featherless-ai/v1/chat/completions "HTTP/1.1 200 OK"
2026-07-30 23:36:10,931 HTTP Request: POST https://router.huggingface.co/featherless-ai/v1/chat/completions "HTTP/1.1 200 OK"
2026-07-30 23:36:11,714 HTTP Request: POST https://router.huggingface.co/featherless-ai/v1/chat/completions "HTTP/1.1 200 OK"
2026-07-30 23:36:11,720 HTTP Request: POST https://router.huggingface.co/featherless-ai/v1/chat/completions "HTTP/1.1 200 OK"
2026-07-30 23:36:12,008 HTTP Request: POST https://router.huggingface.co/featherless-ai/v1/chat/completions "HTTP/1.1 200 OK"
2026-07-30 23:36:12,447 HTTP Request: POST https://router.huggingface.co/featherless-ai/v1/chat/completions "HTTP/1.1 200 OK"
2026-07-30 23:36:12,625 HTTP Request: POST https://router.huggingface.co/featherless-ai/v1/chat/completions "HTTP/1.1 200 OK"
2026-07-30 23:36:12,661 HTTP Request: POST https://router.huggingface.co/featherless-ai/v1/chat/completions "HTTP/1.1 200 OK"
2026-07-30 23:36:12,895 HTTP Request: POST https://router.huggingface.co/featherless-ai/v1/chat/completions "HTTP/1.1 200 OK"
2026-07-30 23:36:12,932 HTTP Request: POST https://router.huggingface.co/featherless-ai/v1/chat/completions "HTTP/1.1 200 OK"
2026-07-30 23:36:13,452 HTTP Request: POST https://router.huggingface.co/featherless-ai/v1/chat/completions "HTTP/1.1 200 OK"
2026-07-30 23:36:13,589 HTTP Request: POST https://router.huggingface.co/featherless-ai/v1/chat/completions "HTTP/1.1 200 OK"
2026-07-30 23:36:13,673 HTTP Request: POST https://router.huggingface.co/featherless-ai/v1/chat/completions "HTTP/1.1 200 OK"
2026-07-30 23:36:13,957 [1225/4800] ok=1225 fail=0 rate=3.0/s eta=1177s
2026-07-30 23:36:14,068 HTTP Request: POST https://router.huggingface.co/featherless-ai/v1/chat/completions "HTTP/1.1 200 OK"
2026-07-30 23:36:14,513 HTTP Request: POST https://router.huggingface.co/featherless-ai/v1/chat/completions "HTTP/1.1 200 OK"
2026-07-30 23:36:14,658 HTTP Request: POST https://router.huggingface.co/featherless-ai/v1/chat/completions "HTTP/1.1 200 OK"
2026-07-30 23:36:14,862 HTTP Request: POST https://router.huggingface.co/featherless-ai/v1/chat/completions "HTTP/1.1 200 OK"
2026-07-30 23:36:15,062 HTTP Request: POST https://router.huggingface.co/featherless-ai/v1/chat/completions "HTTP/1.1 200 OK"
2026-07-30 23:36:15,189 HTTP Request: POST https://router.huggingface.co/featherless-ai/v1/chat/completions "HTTP/1.1 200 OK"
2026-07-30 23:36:15,622 HTTP Request: POST https://router.huggingface.co/featherless-ai/v1/chat/completions "HTTP/1.1 200 OK"
2026-07-30 23:36:15,660 HTTP Request: POST https://router.huggingface.co/featherless-ai/v1/chat/completions "HTTP/1.1 200 OK"
2026-07-30 23:36:15,925 HTTP Request: POST https://router.huggingface.co/featherless-ai/v1/chat/completions "HTTP/1.1 200 OK"
2026-07-30 23:36:16,485 HTTP Request: POST https://router.huggingface.co/featherless-ai/v1/chat/completions "HTTP/1.1 200 OK"
2026-07-30 23:36:16,525 HTTP Request: POST https://router.huggingface.co/featherless-ai/v1/chat/completions "HTTP/1.1 200 OK"
2026-07-30 23:36:16,539 HTTP Request: POST https://router.huggingface.co/featherless-ai/v1/chat/completions "HTTP/1.1 200 OK"
2026-07-30 23:36:16,744 HTTP Request: POST https://router.huggingface.co/featherless-ai/v1/chat/completions "HTTP/1.1 200 OK"
2026-07-30 23:36:16,891 HTTP Request: POST https://router.huggingface.co/featherless-ai/v1/chat/completions "HTTP/1.1 200 OK"
2026-07-30 23:36:17,203 HTTP Request: POST https://router.huggingface.co/featherless-ai/v1/chat/completions "HTTP/1.1 200 OK"
2026-07-30 23:36:17,454 HTTP Request: POST https://router.huggingface.co/featherless-ai/v1/chat/completions "HTTP/1.1 200 OK"
2026-07-30 23:36:17,558 HTTP Request: POST https://router.huggingface.co/featherless-ai/v1/chat/completions "HTTP/1.1 200 OK"
2026-07-30 23:36:18,208 HTTP Request: POST https://router.huggingface.co/featherless-ai/v1/chat/completions "HTTP/1.1 200 OK"
2026-07-30 23:36:18,320 HTTP Request: POST https://router.huggingface.co/featherless-ai/v1/chat/completions "HTTP/1.1 200 OK"
2026-07-30 23:36:18,584 HTTP Request: POST https://router.huggingface.co/featherless-ai/v1/chat/completions "HTTP/1.1 200 OK"
2026-07-30 23:36:18,721 HTTP Request: POST https://router.huggingface.co/featherless-ai/v1/chat/completions "HTTP/1.1 200 OK"
2026-07-30 23:36:19,038 HTTP Request: POST https://router.huggingface.co/featherless-ai/v1/chat/completions "HTTP/1.1 200 OK"
2026-07-30 23:36:19,237 HTTP Request: POST https://router.huggingface.co/featherless-ai/v1/chat/completions "HTTP/1.1 200 OK"
2026-07-30 23:36:19,644 [1250/4800] ok=1250 fail=0 rate=3.1/s eta=1161s
2026-07-30 23:36:19,755 HTTP Request: POST https://router.huggingface.co/featherless-ai/v1/chat/completions "HTTP/1.1 200 OK"
2026-07-30 23:36:19,910 HTTP Request: POST https://router.huggingface.co/featherless-ai/v1/chat/completions "HTTP/1.1 200 OK"
2026-07-30 23:36:20,123 HTTP Request: POST https://router.huggingface.co/featherless-ai/v1/chat/completions "HTTP/1.1 200 OK"
2026-07-30 23:36:20,287 HTTP Request: POST https://router.huggingface.co/featherless-ai/v1/chat/completions "HTTP/1.1 200 OK"
2026-07-30 23:36:20,528 HTTP Request: POST https://router.huggingface.co/featherless-ai/v1/chat/completions "HTTP/1.1 200 OK"
2026-07-30 23:36:20,668 HTTP Request: POST https://router.huggingface.co/featherless-ai/v1/chat/completions "HTTP/1.1 200 OK"
2026-07-30 23:36:20,914 HTTP Request: POST https://router.huggingface.co/featherless-ai/v1/chat/completions "HTTP/1.1 200 OK"
2026-07-30 23:36:21,055 HTTP Request: POST https://router.huggingface.co/featherless-ai/v1/chat/completions "HTTP/1.1 200 OK"
2026-07-30 23:36:21,494 HTTP Request: POST https://router.huggingface.co/featherless-ai/v1/chat/completions "HTTP/1.1 200 OK"
2026-07-30 23:36:21,869 HTTP Request: POST https://router.huggingface.co/featherless-ai/v1/chat/completions "HTTP/1.1 200 OK"
2026-07-30 23:36:21,958 HTTP Request: POST https://router.huggingface.co/featherless-ai/v1/chat/completions "HTTP/1.1 200 OK"
2026-07-30 23:36:22,498 HTTP Request: POST https://router.huggingface.co/featherless-ai/v1/chat/completions "HTTP/1.1 200 OK"
2026-07-30 23:36:22,503 HTTP Request: POST https://router.huggingface.co/featherless-ai/v1/chat/completions "HTTP/1.1 200 OK"
2026-07-30 23:36:22,701 HTTP Request: POST https://router.huggingface.co/featherless-ai/v1/chat/completions "HTTP/1.1 200 OK"
2026-07-30 23:36:22,836 HTTP Request: POST https://router.huggingface.co/featherless-ai/v1/chat/completions "HTTP/1.1 200 OK"
2026-07-30 23:36:22,926 HTTP Request: POST https://router.huggingface.co/featherless-ai/v1/chat/completions "HTTP/1.1 200 OK"
2026-07-30 23:36:23,183 HTTP Request: POST https://router.huggingface.co/featherless-ai/v1/chat/completions "HTTP/1.1 200 OK"
2026-07-30 23:36:23,451 HTTP Request: POST https://router.huggingface.co/featherless-ai/v1/chat/completions "HTTP/1.1 200 OK"
2026-07-30 23:36:23,638 HTTP Request: POST https://router.huggingface.co/featherless-ai/v1/chat/completions "HTTP/1.1 200 OK"
2026-07-30 23:36:24,157 HTTP Request: POST https://router.huggingface.co/featherless-ai/v1/chat/completions "HTTP/1.1 200 OK"
2026-07-30 23:36:24,368 HTTP Request: POST https://router.huggingface.co/featherless-ai/v1/chat/completions "HTTP/1.1 200 OK"
2026-07-30 23:36:24,553 HTTP Request: POST https://router.huggingface.co/featherless-ai/v1/chat/completions "HTTP/1.1 200 OK"
2026-07-30 23:36:24,872 HTTP Request: POST https://router.huggingface.co/featherless-ai/v1/chat/completions "HTTP/1.1 200 OK"
2026-07-30 23:36:25,140 HTTP Request: POST https://router.huggingface.co/featherless-ai/v1/chat/completions "HTTP/1.1 200 OK"
2026-07-30 23:36:25,367 HTTP Request: POST https://router.huggingface.co/featherless-ai/v1/chat/completions "HTTP/1.1 200 OK"
2026-07-30 23:36:25,489 [1275/4800] ok=1275 fail=0 rate=3.1/s eta=1147s
2026-07-30 23:36:25,535 HTTP Request: POST https://router.huggingface.co/featherless-ai/v1/chat/completions "HTTP/1.1 200 OK"
2026-07-30 23:36:26,136 HTTP Request: POST https://router.huggingface.co/featherless-ai/v1/chat/completions "HTTP/1.1 200 OK"
2026-07-30 23:36:26,677 HTTP Request: POST https://router.huggingface.co/featherless-ai/v1/chat/completions "HTTP/1.1 200 OK"
2026-07-30 23:36:27,055 HTTP Request: POST https://router.huggingface.co/featherless-ai/v1/chat/completions "HTTP/1.1 200 OK"
2026-07-30 23:36:27,231 HTTP Request: POST https://router.huggingface.co/featherless-ai/v1/chat/completions "HTTP/1.1 200 OK"
2026-07-30 23:36:27,278 HTTP Request: POST https://router.huggingface.co/featherless-ai/v1/chat/completions "HTTP/1.1 200 OK"
2026-07-30 23:36:27,279 HTTP Request: POST https://router.huggingface.co/featherless-ai/v1/chat/completions "HTTP/1.1 200 OK"
2026-07-30 23:36:27,359 HTTP Request: POST https://router.huggingface.co/featherless-ai/v1/chat/completions "HTTP/1.1 200 OK"
2026-07-30 23:36:28,376 HTTP Request: POST https://router.huggingface.co/featherless-ai/v1/chat/completions "HTTP/1.1 200 OK"
2026-07-30 23:36:28,699 HTTP Request: POST https://router.huggingface.co/featherless-ai/v1/chat/completions "HTTP/1.1 200 OK"
2026-07-30 23:36:28,840 HTTP Request: POST https://router.huggingface.co/featherless-ai/v1/chat/completions "HTTP/1.1 200 OK"
2026-07-30 23:36:29,099 HTTP Request: POST https://router.huggingface.co/featherless-ai/v1/chat/completions "HTTP/1.1 200 OK"
2026-07-30 23:36:29,117 HTTP Request: POST https://router.huggingface.co/featherless-ai/v1/chat/completions "HTTP/1.1 200 OK"
2026-07-30 23:36:29,349 HTTP Request: POST https://router.huggingface.co/featherless-ai/v1/chat/completions "HTTP/1.1 200 OK"
2026-07-30 23:36:29,524 HTTP Request: POST https://router.huggingface.co/featherless-ai/v1/chat/completions "HTTP/1.1 200 OK"
2026-07-30 23:36:29,752 HTTP Request: POST https://router.huggingface.co/featherless-ai/v1/chat/completions "HTTP/1.1 200 OK"
2026-07-30 23:36:30,049 HTTP Request: POST https://router.huggingface.co/featherless-ai/v1/chat/completions "HTTP/1.1 200 OK"
2026-07-30 23:36:30,374 HTTP Request: POST https://router.huggingface.co/featherless-ai/v1/chat/completions "HTTP/1.1 200 OK"
2026-07-30 23:36:30,919 HTTP Request: POST https://router.huggingface.co/featherless-ai/v1/chat/completions "HTTP/1.1 200 OK"
2026-07-30 23:36:31,293 HTTP Request: POST https://router.huggingface.co/featherless-ai/v1/chat/completions "HTTP/1.1 200 OK"
2026-07-30 23:36:31,505 HTTP Request: POST https://router.huggingface.co/featherless-ai/v1/chat/completions "HTTP/1.1 200 OK"
2026-07-30 23:36:31,582 HTTP Request: POST https://router.huggingface.co/featherless-ai/v1/chat/completions "HTTP/1.1 200 OK"
2026-07-30 23:36:31,592 HTTP Request: POST https://router.huggingface.co/featherless-ai/v1/chat/completions "HTTP/1.1 200 OK"
2026-07-30 23:36:31,600 HTTP Request: POST https://router.huggingface.co/featherless-ai/v1/chat/completions "HTTP/1.1 200 OK"
2026-07-30 23:36:31,753 HTTP Request: POST https://router.huggingface.co/featherless-ai/v1/chat/completions "HTTP/1.1 200 OK"
2026-07-30 23:36:32,041 HTTP Request: POST https://router.huggingface.co/featherless-ai/v1/chat/completions "HTTP/1.1 200 OK"
2026-07-30 23:36:32,527 HTTP Request: POST https://router.huggingface.co/featherless-ai/v1/chat/completions "HTTP/1.1 200 OK"
2026-07-30 23:36:32,681 [1300/4800] ok=1300 fail=0 rate=3.1/s eta=1136s
2026-07-30 23:36:32,976 HTTP Request: POST https://router.huggingface.co/featherless-ai/v1/chat/completions "HTTP/1.1 200 OK"
2026-07-30 23:36:33,347 HTTP Request: POST https://router.huggingface.co/featherless-ai/v1/chat/completions "HTTP/1.1 200 OK"
2026-07-30 23:36:33,379 HTTP Request: POST https://router.huggingface.co/featherless-ai/v1/chat/completions "HTTP/1.1 200 OK"
2026-07-30 23:36:33,600 HTTP Request: POST https://router.huggingface.co/featherless-ai/v1/chat/completions "HTTP/1.1 200 OK"
2026-07-30 23:36:33,860 HTTP Request: POST https://router.huggingface.co/featherless-ai/v1/chat/completions "HTTP/1.1 200 OK"
2026-07-30 23:36:34,091 HTTP Request: POST https://router.huggingface.co/featherless-ai/v1/chat/completions "HTTP/1.1 200 OK"
2026-07-30 23:36:34,263 HTTP Request: POST https://router.huggingface.co/featherless-ai/v1/chat/completions "HTTP/1.1 200 OK"
2026-07-30 23:36:34,566 HTTP Request: POST https://router.huggingface.co/featherless-ai/v1/chat/completions "HTTP/1.1 200 OK"
2026-07-30 23:36:34,756 HTTP Request: POST https://router.huggingface.co/featherless-ai/v1/chat/completions "HTTP/1.1 200 OK"
2026-07-30 23:36:35,433 HTTP Request: POST https://router.huggingface.co/featherless-ai/v1/chat/completions "HTTP/1.1 200 OK"
2026-07-30 23:36:35,488 HTTP Request: POST https://router.huggingface.co/featherless-ai/v1/chat/completions "HTTP/1.1 200 OK"
2026-07-30 23:36:35,784 HTTP Request: POST https://router.huggingface.co/featherless-ai/v1/chat/completions "HTTP/1.1 200 OK"
2026-07-30 23:36:35,801 HTTP Request: POST https://router.huggingface.co/featherless-ai/v1/chat/completions "HTTP/1.1 200 OK"
2026-07-30 23:36:35,970 HTTP Request: POST https://router.huggingface.co/featherless-ai/v1/chat/completions "HTTP/1.1 200 OK"
2026-07-30 23:36:36,179 HTTP Request: POST https://router.huggingface.co/featherless-ai/v1/chat/completions "HTTP/1.1 200 OK"
2026-07-30 23:36:36,475 HTTP Request: POST https://router.huggingface.co/featherless-ai/v1/chat/completions "HTTP/1.1 200 OK"
2026-07-30 23:36:36,605 HTTP Request: POST https://router.huggingface.co/featherless-ai/v1/chat/completions "HTTP/1.1 200 OK"
2026-07-30 23:36:37,178 HTTP Request: POST https://router.huggingface.co/featherless-ai/v1/chat/completions "HTTP/1.1 200 OK"
2026-07-30 23:36:37,413 HTTP Request: POST https://router.huggingface.co/featherless-ai/v1/chat/completions "HTTP/1.1 200 OK"
2026-07-30 23:36:37,817 HTTP Request: POST https://router.huggingface.co/featherless-ai/v1/chat/completions "HTTP/1.1 200 OK"
2026-07-30 23:36:37,830 HTTP Request: POST https://router.huggingface.co/featherless-ai/v1/chat/completions "HTTP/1.1 200 OK"
2026-07-30 23:36:37,925 HTTP Request: POST https://router.huggingface.co/featherless-ai/v1/chat/completions "HTTP/1.1 200 OK"
2026-07-30 23:36:38,208 HTTP Request: POST https://router.huggingface.co/featherless-ai/v1/chat/completions "HTTP/1.1 200 OK"
2026-07-30 23:36:38,534 HTTP Request: POST https://router.huggingface.co/featherless-ai/v1/chat/completions "HTTP/1.1 200 OK"
2026-07-30 23:36:38,542 [1325/4800] ok=1325 fail=0 rate=3.1/s eta=1122s
2026-07-30 23:36:39,074 HTTP Request: POST https://router.huggingface.co/featherless-ai/v1/chat/completions "HTTP/1.1 200 OK"
2026-07-30 23:36:39,229 HTTP Request: POST https://router.huggingface.co/featherless-ai/v1/chat/completions "HTTP/1.1 200 OK"
2026-07-30 23:36:39,231 HTTP Request: POST https://router.huggingface.co/featherless-ai/v1/chat/completions "HTTP/1.1 200 OK"
2026-07-30 23:36:39,475 HTTP Request: POST https://router.huggingface.co/featherless-ai/v1/chat/completions "HTTP/1.1 200 OK"
2026-07-30 23:36:39,631 HTTP Request: POST https://router.huggingface.co/featherless-ai/v1/chat/completions "HTTP/1.1 200 OK"
2026-07-30 23:36:39,837 HTTP Request: POST https://router.huggingface.co/featherless-ai/v1/chat/completions "HTTP/1.1 200 OK"
2026-07-30 23:36:40,158 HTTP Request: POST https://router.huggingface.co/featherless-ai/v1/chat/completions "HTTP/1.1 200 OK"
2026-07-30 23:36:40,228 HTTP Request: POST https://router.huggingface.co/featherless-ai/v1/chat/completions "HTTP/1.1 200 OK"
2026-07-30 23:36:40,940 HTTP Request: POST https://router.huggingface.co/featherless-ai/v1/chat/completions "HTTP/1.1 200 OK"
2026-07-30 23:36:41,179 HTTP Request: POST https://router.huggingface.co/featherless-ai/v1/chat/completions "HTTP/1.1 200 OK"
2026-07-30 23:36:41,327 HTTP Request: POST https://router.huggingface.co/featherless-ai/v1/chat/completions "HTTP/1.1 200 OK"
2026-07-30 23:36:41,568 HTTP Request: POST https://router.huggingface.co/featherless-ai/v1/chat/completions "HTTP/1.1 200 OK"
2026-07-30 23:36:41,977 HTTP Request: POST https://router.huggingface.co/featherless-ai/v1/chat/completions "HTTP/1.1 200 OK"
2026-07-30 23:36:41,979 HTTP Request: POST https://router.huggingface.co/featherless-ai/v1/chat/completions "HTTP/1.1 200 OK"
2026-07-30 23:36:42,126 HTTP Request: POST https://router.huggingface.co/featherless-ai/v1/chat/completions "HTTP/1.1 200 OK"
2026-07-30 23:36:42,460 HTTP Request: POST https://router.huggingface.co/featherless-ai/v1/chat/completions "HTTP/1.1 200 OK"
2026-07-30 23:36:42,746 HTTP Request: POST https://router.huggingface.co/featherless-ai/v1/chat/completions "HTTP/1.1 200 OK"
2026-07-30 23:36:42,820 HTTP Request: POST https://router.huggingface.co/featherless-ai/v1/chat/completions "HTTP/1.1 200 OK"
2026-07-30 23:36:43,137 HTTP Request: POST https://router.huggingface.co/featherless-ai/v1/chat/completions "HTTP/1.1 200 OK"
2026-07-30 23:36:43,350 HTTP Request: POST https://router.huggingface.co/featherless-ai/v1/chat/completions "HTTP/1.1 200 OK"
2026-07-30 23:36:43,632 HTTP Request: POST https://router.huggingface.co/featherless-ai/v1/chat/completions "HTTP/1.1 200 OK"
2026-07-30 23:36:43,842 HTTP Request: POST https://router.huggingface.co/featherless-ai/v1/chat/completions "HTTP/1.1 200 OK"
2026-07-30 23:36:43,931 HTTP Request: POST https://router.huggingface.co/featherless-ai/v1/chat/completions "HTTP/1.1 200 OK"
2026-07-30 23:36:44,493 HTTP Request: POST https://router.huggingface.co/featherless-ai/v1/chat/completions "HTTP/1.1 200 OK"
2026-07-30 23:36:45,033 HTTP Request: POST https://router.huggingface.co/featherless-ai/v1/chat/completions "HTTP/1.1 200 OK"
2026-07-30 23:36:45,039 HTTP Request: POST https://router.huggingface.co/featherless-ai/v1/chat/completions "HTTP/1.1 200 OK"
2026-07-30 23:36:45,199 [1350/4800] ok=1350 fail=0 rate=3.1/s eta=1110s
2026-07-30 23:36:45,396 HTTP Request: POST https://router.huggingface.co/featherless-ai/v1/chat/completions "HTTP/1.1 200 OK"
2026-07-30 23:36:45,627 HTTP Request: POST https://router.huggingface.co/featherless-ai/v1/chat/completions "HTTP/1.1 200 OK"
2026-07-30 23:36:46,177 HTTP Request: POST https://router.huggingface.co/featherless-ai/v1/chat/completions "HTTP/1.1 200 OK"
2026-07-30 23:36:46,325 HTTP Request: POST https://router.huggingface.co/featherless-ai/v1/chat/completions "HTTP/1.1 200 OK"
2026-07-30 23:36:47,732 HTTP Request: POST https://router.huggingface.co/featherless-ai/v1/chat/completions "HTTP/1.1 200 OK"
2026-07-30 23:36:47,997 HTTP Request: POST https://router.huggingface.co/featherless-ai/v1/chat/completions "HTTP/1.1 200 OK"
2026-07-30 23:36:48,196 HTTP Request: POST https://router.huggingface.co/featherless-ai/v1/chat/completions "HTTP/1.1 200 OK"
2026-07-30 23:36:48,199 HTTP Request: POST https://router.huggingface.co/featherless-ai/v1/chat/completions "HTTP/1.1 200 OK"
2026-07-30 23:36:48,204 HTTP Request: POST https://router.huggingface.co/featherless-ai/v1/chat/completions "HTTP/1.1 200 OK"
2026-07-30 23:36:48,270 HTTP Request: POST https://router.huggingface.co/featherless-ai/v1/chat/completions "HTTP/1.1 200 OK"
2026-07-30 23:36:48,330 HTTP Request: POST https://router.huggingface.co/featherless-ai/v1/chat/completions "HTTP/1.1 200 OK"
2026-07-30 23:36:48,342 HTTP Request: POST https://router.huggingface.co/featherless-ai/v1/chat/completions "HTTP/1.1 200 OK"
2026-07-30 23:36:49,532 HTTP Request: POST https://router.huggingface.co/featherless-ai/v1/chat/completions "HTTP/1.1 200 OK"
2026-07-30 23:36:49,658 HTTP Request: POST https://router.huggingface.co/featherless-ai/v1/chat/completions "HTTP/1.1 200 OK"
2026-07-30 23:36:49,927 HTTP Request: POST https://router.huggingface.co/featherless-ai/v1/chat/completions "HTTP/1.1 200 OK"
2026-07-30 23:36:50,192 HTTP Request: POST https://router.huggingface.co/featherless-ai/v1/chat/completions "HTTP/1.1 200 OK"
2026-07-30 23:36:50,248 HTTP Request: POST https://router.huggingface.co/featherless-ai/v1/chat/completions "HTTP/1.1 200 OK"
2026-07-30 23:36:50,606 HTTP Request: POST https://router.huggingface.co/featherless-ai/v1/chat/completions "HTTP/1.1 200 OK"
2026-07-30 23:36:50,979 HTTP Request: POST https://router.huggingface.co/featherless-ai/v1/chat/completions "HTTP/1.1 200 OK"
2026-07-30 23:36:51,335 HTTP Request: POST https://router.huggingface.co/featherless-ai/v1/chat/completions "HTTP/1.1 200 OK"
2026-07-30 23:36:51,364 HTTP Request: POST https://router.huggingface.co/featherless-ai/v1/chat/completions "HTTP/1.1 200 OK"
2026-07-30 23:36:51,570 HTTP Request: POST https://router.huggingface.co/featherless-ai/v1/chat/completions "HTTP/1.1 200 OK"
2026-07-30 23:36:51,594 HTTP Request: POST https://router.huggingface.co/featherless-ai/v1/chat/completions "HTTP/1.1 200 OK"
2026-07-30 23:36:51,831 HTTP Request: POST https://router.huggingface.co/featherless-ai/v1/chat/completions "HTTP/1.1 200 OK"
2026-07-30 23:36:52,012 HTTP Request: POST https://router.huggingface.co/featherless-ai/v1/chat/completions "HTTP/1.1 200 OK"
2026-07-30 23:36:52,191 [1375/4800] ok=1375 fail=0 rate=3.1/s eta=1100s
2026-07-30 23:36:52,485 HTTP Request: POST https://router.huggingface.co/featherless-ai/v1/chat/completions "HTTP/1.1 200 OK"
2026-07-30 23:36:52,592 HTTP Request: POST https://router.huggingface.co/featherless-ai/v1/chat/completions "HTTP/1.1 200 OK"
2026-07-30 23:36:53,107 HTTP Request: POST https://router.huggingface.co/featherless-ai/v1/chat/completions "HTTP/1.1 200 OK"
2026-07-30 23:36:53,204 HTTP Request: POST https://router.huggingface.co/featherless-ai/v1/chat/completions "HTTP/1.1 200 OK"
2026-07-30 23:36:53,639 HTTP Request: POST https://router.huggingface.co/featherless-ai/v1/chat/completions "HTTP/1.1 200 OK"
2026-07-30 23:36:53,822 HTTP Request: POST https://router.huggingface.co/featherless-ai/v1/chat/completions "HTTP/1.1 200 OK"
2026-07-30 23:36:53,869 HTTP Request: POST https://router.huggingface.co/featherless-ai/v1/chat/completions "HTTP/1.1 200 OK"
2026-07-30 23:36:54,070 HTTP Request: POST https://router.huggingface.co/featherless-ai/v1/chat/completions "HTTP/1.1 200 OK"
2026-07-30 23:36:54,315 HTTP Request: POST https://router.huggingface.co/featherless-ai/v1/chat/completions "HTTP/1.1 200 OK"
2026-07-30 23:36:55,881 HTTP Request: POST https://router.huggingface.co/featherless-ai/v1/chat/completions "HTTP/1.1 200 OK"
2026-07-30 23:36:55,992 HTTP Request: POST https://router.huggingface.co/featherless-ai/v1/chat/completions "HTTP/1.1 200 OK"
2026-07-30 23:36:55,998 HTTP Request: POST https://router.huggingface.co/featherless-ai/v1/chat/completions "HTTP/1.1 200 OK"
2026-07-30 23:36:56,421 HTTP Request: POST https://router.huggingface.co/featherless-ai/v1/chat/completions "HTTP/1.1 200 OK"
2026-07-30 23:36:56,457 HTTP Request: POST https://router.huggingface.co/featherless-ai/v1/chat/completions "HTTP/1.1 200 OK"
2026-07-30 23:36:56,535 HTTP Request: POST https://router.huggingface.co/featherless-ai/v1/chat/completions "HTTP/1.1 200 OK"
2026-07-30 23:36:57,014 HTTP Request: POST https://router.huggingface.co/featherless-ai/v1/chat/completions "HTTP/1.1 200 OK"
2026-07-30 23:36:57,269 HTTP Request: POST https://router.huggingface.co/featherless-ai/v1/chat/completions "HTTP/1.1 200 OK"
2026-07-30 23:36:57,577 HTTP Request: POST https://router.huggingface.co/featherless-ai/v1/chat/completions "HTTP/1.1 200 OK"
2026-07-30 23:36:58,160 HTTP Request: POST https://router.huggingface.co/featherless-ai/v1/chat/completions "HTTP/1.1 200 OK"
2026-07-30 23:36:58,162 HTTP Request: POST https://router.huggingface.co/featherless-ai/v1/chat/completions "HTTP/1.1 200 OK"
2026-07-30 23:36:58,418 HTTP Request: POST https://router.huggingface.co/featherless-ai/v1/chat/completions "HTTP/1.1 200 OK"
2026-07-30 23:36:58,519 HTTP Request: POST https://router.huggingface.co/featherless-ai/v1/chat/completions "HTTP/1.1 200 OK"
2026-07-30 23:36:58,667 HTTP Request: POST https://router.huggingface.co/featherless-ai/v1/chat/completions "HTTP/1.1 200 OK"
2026-07-30 23:36:58,996 HTTP Request: POST https://router.huggingface.co/featherless-ai/v1/chat/completions "HTTP/1.1 200 OK"
2026-07-30 23:36:59,419 HTTP Request: POST https://router.huggingface.co/featherless-ai/v1/chat/completions "HTTP/1.1 200 OK"
2026-07-30 23:36:59,508 [1400/4800] ok=1400 fail=0 rate=3.1/s eta=1090s
2026-07-30 23:36:59,635 HTTP Request: POST https://router.huggingface.co/featherless-ai/v1/chat/completions "HTTP/1.1 200 OK"
2026-07-30 23:36:59,902 HTTP Request: POST https://router.huggingface.co/featherless-ai/v1/chat/completions "HTTP/1.1 200 OK"
2026-07-30 23:37:00,170 HTTP Request: POST https://router.huggingface.co/featherless-ai/v1/chat/completions "HTTP/1.1 200 OK"
2026-07-30 23:37:00,444 HTTP Request: POST https://router.huggingface.co/featherless-ai/v1/chat/completions "HTTP/1.1 200 OK"
2026-07-30 23:37:00,751 HTTP Request: POST https://router.huggingface.co/featherless-ai/v1/chat/completions "HTTP/1.1 200 OK"
2026-07-30 23:37:01,012 HTTP Request: POST https://router.huggingface.co/featherless-ai/v1/chat/completions "HTTP/1.1 200 OK"
2026-07-30 23:37:01,228 HTTP Request: POST https://router.huggingface.co/featherless-ai/v1/chat/completions "HTTP/1.1 200 OK"
2026-07-30 23:37:01,516 HTTP Request: POST https://router.huggingface.co/featherless-ai/v1/chat/completions "HTTP/1.1 200 OK"
2026-07-30 23:37:01,857 HTTP Request: POST https://router.huggingface.co/featherless-ai/v1/chat/completions "HTTP/1.1 200 OK"
2026-07-30 23:37:02,687 HTTP Request: POST https://router.huggingface.co/featherless-ai/v1/chat/completions "HTTP/1.1 200 OK"
2026-07-30 23:37:02,864 HTTP Request: POST https://router.huggingface.co/featherless-ai/v1/chat/completions "HTTP/1.1 200 OK"
2026-07-30 23:37:03,203 HTTP Request: POST https://router.huggingface.co/featherless-ai/v1/chat/completions "HTTP/1.1 200 OK"
2026-07-30 23:37:03,270 HTTP Request: POST https://router.huggingface.co/featherless-ai/v1/chat/completions "HTTP/1.1 200 OK"
2026-07-30 23:37:03,490 HTTP Request: POST https://router.huggingface.co/featherless-ai/v1/chat/completions "HTTP/1.1 200 OK"
2026-07-30 23:37:03,843 HTTP Request: POST https://router.huggingface.co/featherless-ai/v1/chat/completions "HTTP/1.1 200 OK"
2026-07-30 23:37:04,067 HTTP Request: POST https://router.huggingface.co/featherless-ai/v1/chat/completions "HTTP/1.1 200 OK"
2026-07-30 23:37:04,359 HTTP Request: POST https://router.huggingface.co/featherless-ai/v1/chat/completions "HTTP/1.1 200 OK"
2026-07-30 23:37:04,365 HTTP Request: POST https://router.huggingface.co/featherless-ai/v1/chat/completions "HTTP/1.1 200 OK"
2026-07-30 23:37:04,824 HTTP Request: POST https://router.huggingface.co/featherless-ai/v1/chat/completions "HTTP/1.1 200 OK"
2026-07-30 23:37:04,826 HTTP Request: POST https://router.huggingface.co/featherless-ai/v1/chat/completions "HTTP/1.1 200 OK"
2026-07-30 23:37:05,038 HTTP Request: POST https://router.huggingface.co/featherless-ai/v1/chat/completions "HTTP/1.1 200 OK"
2026-07-30 23:37:05,225 HTTP Request: POST https://router.huggingface.co/featherless-ai/v1/chat/completions "HTTP/1.1 200 OK"
2026-07-30 23:37:05,426 HTTP Request: POST https://router.huggingface.co/featherless-ai/v1/chat/completions "HTTP/1.1 200 OK"
2026-07-30 23:37:05,627 HTTP Request: POST https://router.huggingface.co/featherless-ai/v1/chat/completions "HTTP/1.1 200 OK"
2026-07-30 23:37:05,887 [1425/4800] ok=1425 fail=0 rate=3.1/s eta=1078s
2026-07-30 23:37:06,063 HTTP Request: POST https://router.huggingface.co/featherless-ai/v1/chat/completions "HTTP/1.1 200 OK"
2026-07-30 23:37:06,308 HTTP Request: POST https://router.huggingface.co/featherless-ai/v1/chat/completions "HTTP/1.1 200 OK"
2026-07-30 23:37:06,663 HTTP Request: POST https://router.huggingface.co/featherless-ai/v1/chat/completions "HTTP/1.1 200 OK"
2026-07-30 23:37:06,768 HTTP Request: POST https://router.huggingface.co/featherless-ai/v1/chat/completions "HTTP/1.1 200 OK"
2026-07-30 23:37:07,014 HTTP Request: POST https://router.huggingface.co/featherless-ai/v1/chat/completions "HTTP/1.1 200 OK"
2026-07-30 23:37:07,074 HTTP Request: POST https://router.huggingface.co/featherless-ai/v1/chat/completions "HTTP/1.1 200 OK"
2026-07-30 23:37:07,191 HTTP Request: POST https://router.huggingface.co/featherless-ai/v1/chat/completions "HTTP/1.1 200 OK"
2026-07-30 23:37:07,340 HTTP Request: POST https://router.huggingface.co/featherless-ai/v1/chat/completions "HTTP/1.1 200 OK"
2026-07-30 23:37:07,893 HTTP Request: POST https://router.huggingface.co/featherless-ai/v1/chat/completions "HTTP/1.1 200 OK"
2026-07-30 23:37:08,034 HTTP Request: POST https://router.huggingface.co/featherless-ai/v1/chat/completions "HTTP/1.1 200 OK"
2026-07-30 23:37:08,269 HTTP Request: POST https://router.huggingface.co/featherless-ai/v1/chat/completions "HTTP/1.1 200 OK"
2026-07-30 23:37:08,566 HTTP Request: POST https://router.huggingface.co/featherless-ai/v1/chat/completions "HTTP/1.1 200 OK"
2026-07-30 23:37:09,094 HTTP Request: POST https://router.huggingface.co/featherless-ai/v1/chat/completions "HTTP/1.1 200 OK"
2026-07-30 23:37:09,104 HTTP Request: POST https://router.huggingface.co/featherless-ai/v1/chat/completions "HTTP/1.1 200 OK"
2026-07-30 23:37:09,307 HTTP Request: POST https://router.huggingface.co/featherless-ai/v1/chat/completions "HTTP/1.1 200 OK"
2026-07-30 23:37:09,509 HTTP Request: POST https://router.huggingface.co/featherless-ai/v1/chat/completions "HTTP/1.1 200 OK"
2026-07-30 23:37:09,564 HTTP Request: POST https://router.huggingface.co/featherless-ai/v1/chat/completions "HTTP/1.1 200 OK"
2026-07-30 23:37:09,917 HTTP Request: POST https://router.huggingface.co/featherless-ai/v1/chat/completions "HTTP/1.1 200 OK"
2026-07-30 23:37:10,010 HTTP Request: POST https://router.huggingface.co/featherless-ai/v1/chat/completions "HTTP/1.1 200 OK"
2026-07-30 23:37:10,170 HTTP Request: POST https://router.huggingface.co/featherless-ai/v1/chat/completions "HTTP/1.1 200 OK"
2026-07-30 23:37:11,062 HTTP Request: POST https://router.huggingface.co/featherless-ai/v1/chat/completions "HTTP/1.1 200 OK"
2026-07-30 23:37:11,305 HTTP Request: POST https://router.huggingface.co/featherless-ai/v1/chat/completions "HTTP/1.1 200 OK"
2026-07-30 23:37:11,514 HTTP Request: POST https://router.huggingface.co/featherless-ai/v1/chat/completions "HTTP/1.1 200 OK"
2026-07-30 23:37:11,681 HTTP Request: POST https://router.huggingface.co/featherless-ai/v1/chat/completions "HTTP/1.1 200 OK"
2026-07-30 23:37:11,796 HTTP Request: POST https://router.huggingface.co/featherless-ai/v1/chat/completions "HTTP/1.1 200 OK"
2026-07-30 23:37:12,025 [1450/4800] ok=1450 fail=0 rate=3.1/s eta=1066s
2026-07-30 23:37:12,106 HTTP Request: POST https://router.huggingface.co/featherless-ai/v1/chat/completions "HTTP/1.1 200 OK"
2026-07-30 23:37:12,702 HTTP Request: POST https://router.huggingface.co/featherless-ai/v1/chat/completions "HTTP/1.1 200 OK"
2026-07-30 23:37:12,870 HTTP Request: POST https://router.huggingface.co/featherless-ai/v1/chat/completions "HTTP/1.1 200 OK"
2026-07-30 23:37:12,983 HTTP Request: POST https://router.huggingface.co/featherless-ai/v1/chat/completions "HTTP/1.1 200 OK"
2026-07-30 23:37:12,989 HTTP Request: POST https://router.huggingface.co/featherless-ai/v1/chat/completions "HTTP/1.1 200 OK"
2026-07-30 23:37:13,155 HTTP Request: POST https://router.huggingface.co/featherless-ai/v1/chat/completions "HTTP/1.1 200 OK"
2026-07-30 23:37:13,451 HTTP Request: POST https://router.huggingface.co/featherless-ai/v1/chat/completions "HTTP/1.1 200 OK"
2026-07-30 23:37:13,563 HTTP Request: POST https://router.huggingface.co/featherless-ai/v1/chat/completions "HTTP/1.1 200 OK"
2026-07-30 23:37:13,854 HTTP Request: POST https://router.huggingface.co/featherless-ai/v1/chat/completions "HTTP/1.1 200 OK"
2026-07-30 23:37:14,240 HTTP Request: POST https://router.huggingface.co/featherless-ai/v1/chat/completions "HTTP/1.1 200 OK"
2026-07-30 23:37:14,498 HTTP Request: POST https://router.huggingface.co/featherless-ai/v1/chat/completions "HTTP/1.1 200 OK"
2026-07-30 23:37:14,749 HTTP Request: POST https://router.huggingface.co/featherless-ai/v1/chat/completions "HTTP/1.1 200 OK"
2026-07-30 23:37:14,924 HTTP Request: POST https://router.huggingface.co/featherless-ai/v1/chat/completions "HTTP/1.1 200 OK"
2026-07-30 23:37:15,041 HTTP Request: POST https://router.huggingface.co/featherless-ai/v1/chat/completions "HTTP/1.1 200 OK"
2026-07-30 23:37:15,650 HTTP Request: POST https://router.huggingface.co/featherless-ai/v1/chat/completions "HTTP/1.1 200 OK"
2026-07-30 23:37:15,939 HTTP Request: POST https://router.huggingface.co/featherless-ai/v1/chat/completions "HTTP/1.1 200 OK"
2026-07-30 23:37:16,146 HTTP Request: POST https://router.huggingface.co/featherless-ai/v1/chat/completions "HTTP/1.1 200 OK"
2026-07-30 23:37:16,178 HTTP Request: POST https://router.huggingface.co/featherless-ai/v1/chat/completions "HTTP/1.1 200 OK"
2026-07-30 23:37:16,275 HTTP Request: POST https://router.huggingface.co/featherless-ai/v1/chat/completions "HTTP/1.1 200 OK"
2026-07-30 23:37:16,348 HTTP Request: POST https://router.huggingface.co/featherless-ai/v1/chat/completions "HTTP/1.1 200 OK"
2026-07-30 23:37:16,730 HTTP Request: POST https://router.huggingface.co/featherless-ai/v1/chat/completions "HTTP/1.1 200 OK"
2026-07-30 23:37:16,848 HTTP Request: POST https://router.huggingface.co/featherless-ai/v1/chat/completions "HTTP/1.1 200 OK"
2026-07-30 23:37:17,253 HTTP Request: POST https://router.huggingface.co/featherless-ai/v1/chat/completions "HTTP/1.1 200 OK"
2026-07-30 23:37:17,653 HTTP Request: POST https://router.huggingface.co/featherless-ai/v1/chat/completions "HTTP/1.1 200 OK"
2026-07-30 23:37:17,779 HTTP Request: POST https://router.huggingface.co/featherless-ai/v1/chat/completions "HTTP/1.1 200 OK"
2026-07-30 23:37:17,976 [1475/4800] ok=1475 fail=0 rate=3.2/s eta=1053s
2026-07-30 23:37:18,053 HTTP Request: POST https://router.huggingface.co/featherless-ai/v1/chat/completions "HTTP/1.1 200 OK"
2026-07-30 23:37:18,285 HTTP Request: POST https://router.huggingface.co/featherless-ai/v1/chat/completions "HTTP/1.1 200 OK"
2026-07-30 23:37:18,447 HTTP Request: POST https://router.huggingface.co/featherless-ai/v1/chat/completions "HTTP/1.1 200 OK"
2026-07-30 23:37:18,608 HTTP Request: POST https://router.huggingface.co/featherless-ai/v1/chat/completions "HTTP/1.1 200 OK"
2026-07-30 23:37:19,068 HTTP Request: POST https://router.huggingface.co/featherless-ai/v1/chat/completions "HTTP/1.1 200 OK"
2026-07-30 23:37:19,074 HTTP Request: POST https://router.huggingface.co/featherless-ai/v1/chat/completions "HTTP/1.1 200 OK"
2026-07-30 23:37:19,774 HTTP Request: POST https://router.huggingface.co/featherless-ai/v1/chat/completions "HTTP/1.1 200 OK"
2026-07-30 23:37:19,851 HTTP Request: POST https://router.huggingface.co/featherless-ai/v1/chat/completions "HTTP/1.1 200 OK"
2026-07-30 23:37:19,856 HTTP Request: POST https://router.huggingface.co/featherless-ai/v1/chat/completions "HTTP/1.1 200 OK"
2026-07-30 23:37:20,134 HTTP Request: POST https://router.huggingface.co/featherless-ai/v1/chat/completions "HTTP/1.1 200 OK"
2026-07-30 23:37:20,137 HTTP Request: POST https://router.huggingface.co/featherless-ai/v1/chat/completions "HTTP/1.1 200 OK"
2026-07-30 23:37:20,349 HTTP Request: POST https://router.huggingface.co/featherless-ai/v1/chat/completions "HTTP/1.1 200 OK"
2026-07-30 23:37:20,935 HTTP Request: POST https://router.huggingface.co/featherless-ai/v1/chat/completions "HTTP/1.1 200 OK"
2026-07-30 23:37:21,677 HTTP Request: POST https://router.huggingface.co/featherless-ai/v1/chat/completions "HTTP/1.1 200 OK"
2026-07-30 23:37:21,834 HTTP Request: POST https://router.huggingface.co/featherless-ai/v1/chat/completions "HTTP/1.1 200 OK"
2026-07-30 23:37:21,863 HTTP Request: POST https://router.huggingface.co/featherless-ai/v1/chat/completions "HTTP/1.1 200 OK"
2026-07-30 23:37:22,168 HTTP Request: POST https://router.huggingface.co/featherless-ai/v1/chat/completions "HTTP/1.1 200 OK"
2026-07-30 23:37:22,349 HTTP Request: POST https://router.huggingface.co/featherless-ai/v1/chat/completions "HTTP/1.1 200 OK"
2026-07-30 23:37:22,450 HTTP Request: POST https://router.huggingface.co/featherless-ai/v1/chat/completions "HTTP/1.1 200 OK"
2026-07-30 23:37:22,758 HTTP Request: POST https://router.huggingface.co/featherless-ai/v1/chat/completions "HTTP/1.1 200 OK"
2026-07-30 23:37:23,103 HTTP Request: POST https://router.huggingface.co/featherless-ai/v1/chat/completions "HTTP/1.1 200 OK"
2026-07-30 23:37:23,522 HTTP Request: POST https://router.huggingface.co/featherless-ai/v1/chat/completions "HTTP/1.1 200 OK"
2026-07-30 23:37:23,574 HTTP Request: POST https://router.huggingface.co/featherless-ai/v1/chat/completions "HTTP/1.1 200 OK"
2026-07-30 23:37:23,876 HTTP Request: POST https://router.huggingface.co/featherless-ai/v1/chat/completions "HTTP/1.1 200 OK"
2026-07-30 23:37:23,966 HTTP Request: POST https://router.huggingface.co/featherless-ai/v1/chat/completions "HTTP/1.1 200 OK"
2026-07-30 23:37:24,066 [1500/4800] ok=1500 fail=0 rate=3.2/s eta=1041s
2026-07-30 23:37:24,149 HTTP Request: POST https://router.huggingface.co/featherless-ai/v1/chat/completions "HTTP/1.1 200 OK"
2026-07-30 23:37:24,282 HTTP Request: POST https://router.huggingface.co/featherless-ai/v1/chat/completions "HTTP/1.1 200 OK"
2026-07-30 23:37:24,488 HTTP Request: POST https://router.huggingface.co/featherless-ai/v1/chat/completions "HTTP/1.1 200 OK"
2026-07-30 23:37:24,867 HTTP Request: POST https://router.huggingface.co/featherless-ai/v1/chat/completions "HTTP/1.1 200 OK"
2026-07-30 23:37:25,168 HTTP Request: POST https://router.huggingface.co/featherless-ai/v1/chat/completions "HTTP/1.1 200 OK"
2026-07-30 23:37:25,268 HTTP Request: POST https://router.huggingface.co/featherless-ai/v1/chat/completions "HTTP/1.1 200 OK"
2026-07-30 23:37:25,643 HTTP Request: POST https://router.huggingface.co/featherless-ai/v1/chat/completions "HTTP/1.1 200 OK"
2026-07-30 23:37:25,935 HTTP Request: POST https://router.huggingface.co/featherless-ai/v1/chat/completions "HTTP/1.1 200 OK"
2026-07-30 23:37:26,160 HTTP Request: POST https://router.huggingface.co/featherless-ai/v1/chat/completions "HTTP/1.1 200 OK"
2026-07-30 23:37:26,723 HTTP Request: POST https://router.huggingface.co/featherless-ai/v1/chat/completions "HTTP/1.1 200 OK"
2026-07-30 23:37:26,946 HTTP Request: POST https://router.huggingface.co/featherless-ai/v1/chat/completions "HTTP/1.1 200 OK"
2026-07-30 23:37:26,953 HTTP Request: POST https://router.huggingface.co/featherless-ai/v1/chat/completions "HTTP/1.1 200 OK"
2026-07-30 23:37:26,959 HTTP Request: POST https://router.huggingface.co/featherless-ai/v1/chat/completions "HTTP/1.1 200 OK"
2026-07-30 23:37:26,965 HTTP Request: POST https://router.huggingface.co/featherless-ai/v1/chat/completions "HTTP/1.1 200 OK"
2026-07-30 23:37:27,477 HTTP Request: POST https://router.huggingface.co/featherless-ai/v1/chat/completions "HTTP/1.1 200 OK"
2026-07-30 23:37:27,626 HTTP Request: POST https://router.huggingface.co/featherless-ai/v1/chat/completions "HTTP/1.1 200 OK"
2026-07-30 23:37:27,772 HTTP Request: POST https://router.huggingface.co/featherless-ai/v1/chat/completions "HTTP/1.1 200 OK"
2026-07-30 23:37:28,240 HTTP Request: POST https://router.huggingface.co/featherless-ai/v1/chat/completions "HTTP/1.1 200 OK"
2026-07-30 23:37:28,664 HTTP Request: POST https://router.huggingface.co/featherless-ai/v1/chat/completions "HTTP/1.1 200 OK"
2026-07-30 23:37:29,315 HTTP Request: POST https://router.huggingface.co/featherless-ai/v1/chat/completions "HTTP/1.1 200 OK"
2026-07-30 23:37:29,484 HTTP Request: POST https://router.huggingface.co/featherless-ai/v1/chat/completions "HTTP/1.1 200 OK"
2026-07-30 23:37:29,494 HTTP Request: POST https://router.huggingface.co/featherless-ai/v1/chat/completions "HTTP/1.1 200 OK"
2026-07-30 23:37:29,752 HTTP Request: POST https://router.huggingface.co/featherless-ai/v1/chat/completions "HTTP/1.1 200 OK"
2026-07-30 23:37:30,082 HTTP Request: POST https://router.huggingface.co/featherless-ai/v1/chat/completions "HTTP/1.1 200 OK"
2026-07-30 23:37:30,184 HTTP Request: POST https://router.huggingface.co/featherless-ai/v1/chat/completions "HTTP/1.1 200 OK"
2026-07-30 23:37:30,442 [1525/4800] ok=1525 fail=0 rate=3.2/s eta=1030s
2026-07-30 23:37:30,515 HTTP Request: POST https://router.huggingface.co/featherless-ai/v1/chat/completions "HTTP/1.1 200 OK"
2026-07-30 23:37:30,986 HTTP Request: POST https://router.huggingface.co/featherless-ai/v1/chat/completions "HTTP/1.1 200 OK"
2026-07-30 23:37:31,145 HTTP Request: POST https://router.huggingface.co/featherless-ai/v1/chat/completions "HTTP/1.1 200 OK"
2026-07-30 23:37:31,309 HTTP Request: POST https://router.huggingface.co/featherless-ai/v1/chat/completions "HTTP/1.1 200 OK"
2026-07-30 23:37:31,465 HTTP Request: POST https://router.huggingface.co/featherless-ai/v1/chat/completions "HTTP/1.1 200 OK"
2026-07-30 23:37:31,774 HTTP Request: POST https://router.huggingface.co/featherless-ai/v1/chat/completions "HTTP/1.1 200 OK"
2026-07-30 23:37:31,830 HTTP Request: POST https://router.huggingface.co/featherless-ai/v1/chat/completions "HTTP/1.1 200 OK"
2026-07-30 23:37:32,380 HTTP Request: POST https://router.huggingface.co/featherless-ai/v1/chat/completions "HTTP/1.1 200 OK"
2026-07-30 23:37:32,392 HTTP Request: POST https://router.huggingface.co/featherless-ai/v1/chat/completions "HTTP/1.1 200 OK"
2026-07-30 23:37:32,811 HTTP Request: POST https://router.huggingface.co/featherless-ai/v1/chat/completions "HTTP/1.1 200 OK"
2026-07-30 23:37:32,835 HTTP Request: POST https://router.huggingface.co/featherless-ai/v1/chat/completions "HTTP/1.1 200 OK"
2026-07-30 23:37:33,183 HTTP Request: POST https://router.huggingface.co/featherless-ai/v1/chat/completions "HTTP/1.1 200 OK"
2026-07-30 23:37:33,213 HTTP Request: POST https://router.huggingface.co/featherless-ai/v1/chat/completions "HTTP/1.1 200 OK"
2026-07-30 23:37:33,579 HTTP Request: POST https://router.huggingface.co/featherless-ai/v1/chat/completions "HTTP/1.1 200 OK"
2026-07-30 23:37:34,192 HTTP Request: POST https://router.huggingface.co/featherless-ai/v1/chat/completions "HTTP/1.1 200 OK"
2026-07-30 23:37:34,456 HTTP Request: POST https://router.huggingface.co/featherless-ai/v1/chat/completions "HTTP/1.1 200 OK"
2026-07-30 23:37:34,684 HTTP Request: POST https://router.huggingface.co/featherless-ai/v1/chat/completions "HTTP/1.1 200 OK"
2026-07-30 23:37:34,727 HTTP Request: POST https://router.huggingface.co/featherless-ai/v1/chat/completions "HTTP/1.1 200 OK"
2026-07-30 23:37:34,894 HTTP Request: POST https://router.huggingface.co/featherless-ai/v1/chat/completions "HTTP/1.1 200 OK"
2026-07-30 23:37:34,993 HTTP Request: POST https://router.huggingface.co/featherless-ai/v1/chat/completions "HTTP/1.1 200 OK"
2026-07-30 23:37:35,505 HTTP Request: POST https://router.huggingface.co/featherless-ai/v1/chat/completions "HTTP/1.1 200 OK"
2026-07-30 23:37:35,512 HTTP Request: POST https://router.huggingface.co/featherless-ai/v1/chat/completions "HTTP/1.1 200 OK"
2026-07-30 23:37:35,904 HTTP Request: POST https://router.huggingface.co/featherless-ai/v1/chat/completions "HTTP/1.1 200 OK"
2026-07-30 23:37:36,174 HTTP Request: POST https://router.huggingface.co/featherless-ai/v1/chat/completions "HTTP/1.1 200 OK"
2026-07-30 23:37:36,349 HTTP Request: POST https://router.huggingface.co/featherless-ai/v1/chat/completions "HTTP/1.1 200 OK"
2026-07-30 23:37:36,396 [1550/4800] ok=1550 fail=0 rate=3.2/s eta=1018s
2026-07-30 23:37:36,633 HTTP Request: POST https://router.huggingface.co/featherless-ai/v1/chat/completions "HTTP/1.1 200 OK"
2026-07-30 23:37:36,676 HTTP Request: POST https://router.huggingface.co/featherless-ai/v1/chat/completions "HTTP/1.1 200 OK"
2026-07-30 23:37:37,022 HTTP Request: POST https://router.huggingface.co/featherless-ai/v1/chat/completions "HTTP/1.1 200 OK"
2026-07-30 23:37:38,026 HTTP Request: POST https://router.huggingface.co/featherless-ai/v1/chat/completions "HTTP/1.1 200 OK"
2026-07-30 23:37:38,183 HTTP Request: POST https://router.huggingface.co/featherless-ai/v1/chat/completions "HTTP/1.1 200 OK"
2026-07-30 23:37:38,489 HTTP Request: POST https://router.huggingface.co/featherless-ai/v1/chat/completions "HTTP/1.1 200 OK"
2026-07-30 23:37:38,595 HTTP Request: POST https://router.huggingface.co/featherless-ai/v1/chat/completions "HTTP/1.1 200 OK"
2026-07-30 23:37:38,597 HTTP Request: POST https://router.huggingface.co/featherless-ai/v1/chat/completions "HTTP/1.1 200 OK"
2026-07-30 23:37:38,669 HTTP Request: POST https://router.huggingface.co/featherless-ai/v1/chat/completions "HTTP/1.1 200 OK"
2026-07-30 23:37:38,890 HTTP Request: POST https://router.huggingface.co/featherless-ai/v1/chat/completions "HTTP/1.1 200 OK"
2026-07-30 23:37:39,016 HTTP Request: POST https://router.huggingface.co/featherless-ai/v1/chat/completions "HTTP/1.1 200 OK"
2026-07-30 23:37:40,429 HTTP Request: POST https://router.huggingface.co/featherless-ai/v1/chat/completions "HTTP/1.1 200 OK"
2026-07-30 23:37:40,714 HTTP Request: POST https://router.huggingface.co/featherless-ai/v1/chat/completions "HTTP/1.1 200 OK"
2026-07-30 23:37:40,721 HTTP Request: POST https://router.huggingface.co/featherless-ai/v1/chat/completions "HTTP/1.1 200 OK"
2026-07-30 23:37:40,905 HTTP Request: POST https://router.huggingface.co/featherless-ai/v1/chat/completions "HTTP/1.1 200 OK"
2026-07-30 23:37:40,941 HTTP Request: POST https://router.huggingface.co/featherless-ai/v1/chat/completions "HTTP/1.1 200 OK"
2026-07-30 23:37:41,117 HTTP Request: POST https://router.huggingface.co/featherless-ai/v1/chat/completions "HTTP/1.1 200 OK"
2026-07-30 23:37:41,187 HTTP Request: POST https://router.huggingface.co/featherless-ai/v1/chat/completions "HTTP/1.1 200 OK"
2026-07-30 23:37:41,500 HTTP Request: POST https://router.huggingface.co/featherless-ai/v1/chat/completions "HTTP/1.1 200 OK"
2026-07-30 23:37:42,127 HTTP Request: POST https://router.huggingface.co/featherless-ai/v1/chat/completions "HTTP/1.1 200 OK"
2026-07-30 23:37:42,542 HTTP Request: POST https://router.huggingface.co/featherless-ai/v1/chat/completions "HTTP/1.1 200 OK"
2026-07-30 23:37:42,949 HTTP Request: POST https://router.huggingface.co/featherless-ai/v1/chat/completions "HTTP/1.1 200 OK"
2026-07-30 23:37:43,613 [1575/4800] ok=1575 fail=0 rate=3.2/s eta=1009s
2026-07-30 23:37:43,730 HTTP Request: POST https://router.huggingface.co/featherless-ai/v1/chat/completions "HTTP/1.1 200 OK"
2026-07-30 23:37:43,987 HTTP Request: POST https://router.huggingface.co/featherless-ai/v1/chat/completions "HTTP/1.1 200 OK"
2026-07-30 23:37:43,995 HTTP Request: POST https://router.huggingface.co/featherless-ai/v1/chat/completions "HTTP/1.1 200 OK"
2026-07-30 23:37:44,163 HTTP Request: POST https://router.huggingface.co/featherless-ai/v1/chat/completions "HTTP/1.1 200 OK"
2026-07-30 23:37:44,499 HTTP Request: POST https://router.huggingface.co/featherless-ai/v1/chat/completions "HTTP/1.1 200 OK"
2026-07-30 23:37:44,563 HTTP Request: POST https://router.huggingface.co/featherless-ai/v1/chat/completions "HTTP/1.1 200 OK"
2026-07-30 23:37:45,216 HTTP Request: POST https://router.huggingface.co/featherless-ai/v1/chat/completions "HTTP/1.1 200 OK"
2026-07-30 23:37:45,398 HTTP Request: POST https://router.huggingface.co/featherless-ai/v1/chat/completions "HTTP/1.1 200 OK"
2026-07-30 23:37:45,499 HTTP Request: POST https://router.huggingface.co/featherless-ai/v1/chat/completions "HTTP/1.1 200 OK"
2026-07-30 23:37:45,710 HTTP Request: POST https://router.huggingface.co/featherless-ai/v1/chat/completions "HTTP/1.1 200 OK"
2026-07-30 23:37:45,860 HTTP Request: POST https://router.huggingface.co/featherless-ai/v1/chat/completions "HTTP/1.1 200 OK"
2026-07-30 23:37:46,165 HTTP Request: POST https://router.huggingface.co/featherless-ai/v1/chat/completions "HTTP/1.1 200 OK"
2026-07-30 23:37:46,262 HTTP Request: POST https://router.huggingface.co/featherless-ai/v1/chat/completions "HTTP/1.1 200 OK"
2026-07-30 23:37:46,831 HTTP Request: POST https://router.huggingface.co/featherless-ai/v1/chat/completions "HTTP/1.1 200 OK"
2026-07-30 23:37:46,913 HTTP Request: POST https://router.huggingface.co/featherless-ai/v1/chat/completions "HTTP/1.1 200 OK"
2026-07-30 23:37:47,443 HTTP Request: POST https://router.huggingface.co/featherless-ai/v1/chat/completions "HTTP/1.1 200 OK"
2026-07-30 23:37:47,451 HTTP Request: POST https://router.huggingface.co/featherless-ai/v1/chat/completions "HTTP/1.1 200 OK"
2026-07-30 23:37:47,654 HTTP Request: POST https://router.huggingface.co/featherless-ai/v1/chat/completions "HTTP/1.1 200 OK"
2026-07-30 23:37:47,897 HTTP Request: POST https://router.huggingface.co/featherless-ai/v1/chat/completions "HTTP/1.1 200 OK"
2026-07-30 23:37:47,909 HTTP Request: POST https://router.huggingface.co/featherless-ai/v1/chat/completions "HTTP/1.1 200 OK"
2026-07-30 23:37:48,073 HTTP Request: POST https://router.huggingface.co/featherless-ai/v1/chat/completions "HTTP/1.1 200 OK"
2026-07-30 23:37:48,417 HTTP Request: POST https://router.huggingface.co/featherless-ai/v1/chat/completions "HTTP/1.1 200 OK"
2026-07-30 23:37:48,649 HTTP Request: POST https://router.huggingface.co/featherless-ai/v1/chat/completions "HTTP/1.1 200 OK"
2026-07-30 23:37:49,164 HTTP Request: POST https://router.huggingface.co/featherless-ai/v1/chat/completions "HTTP/1.1 200 OK"
2026-07-30 23:37:49,412 HTTP Request: POST https://router.huggingface.co/featherless-ai/v1/chat/completions "HTTP/1.1 200 OK"
2026-07-30 23:37:49,524 HTTP Request: POST https://router.huggingface.co/featherless-ai/v1/chat/completions "HTTP/1.1 200 OK"
2026-07-30 23:37:50,152 [1600/4800] ok=1600 fail=0 rate=3.2/s eta=999s
2026-07-30 23:37:50,190 HTTP Request: POST https://router.huggingface.co/featherless-ai/v1/chat/completions "HTTP/1.1 200 OK"
2026-07-30 23:37:50,238 HTTP Request: POST https://router.huggingface.co/featherless-ai/v1/chat/completions "HTTP/1.1 200 OK"
2026-07-30 23:37:50,472 HTTP Request: POST https://router.huggingface.co/featherless-ai/v1/chat/completions "HTTP/1.1 200 OK"
2026-07-30 23:37:50,480 HTTP Request: POST https://router.huggingface.co/featherless-ai/v1/chat/completions "HTTP/1.1 200 OK"
2026-07-30 23:37:50,794 HTTP Request: POST https://router.huggingface.co/featherless-ai/v1/chat/completions "HTTP/1.1 200 OK"
2026-07-30 23:37:51,027 HTTP Request: POST https://router.huggingface.co/featherless-ai/v1/chat/completions "HTTP/1.1 200 OK"
2026-07-30 23:37:51,221 HTTP Request: POST https://router.huggingface.co/featherless-ai/v1/chat/completions "HTTP/1.1 200 OK"
2026-07-30 23:37:52,068 HTTP Request: POST https://router.huggingface.co/featherless-ai/v1/chat/completions "HTTP/1.1 200 OK"
2026-07-30 23:37:52,263 HTTP Request: POST https://router.huggingface.co/featherless-ai/v1/chat/completions "HTTP/1.1 200 OK"
2026-07-30 23:37:52,283 HTTP Request: POST https://router.huggingface.co/featherless-ai/v1/chat/completions "HTTP/1.1 200 OK"
2026-07-30 23:37:52,514 HTTP Request: POST https://router.huggingface.co/featherless-ai/v1/chat/completions "HTTP/1.1 200 OK"
2026-07-30 23:37:52,730 HTTP Request: POST https://router.huggingface.co/featherless-ai/v1/chat/completions "HTTP/1.1 200 OK"
2026-07-30 23:37:53,021 HTTP Request: POST https://router.huggingface.co/featherless-ai/v1/chat/completions "HTTP/1.1 200 OK"
2026-07-30 23:37:53,062 HTTP Request: POST https://router.huggingface.co/featherless-ai/v1/chat/completions "HTTP/1.1 200 OK"
2026-07-30 23:37:53,353 HTTP Request: POST https://router.huggingface.co/featherless-ai/v1/chat/completions "HTTP/1.1 200 OK"
2026-07-30 23:37:53,972 HTTP Request: POST https://router.huggingface.co/featherless-ai/v1/chat/completions "HTTP/1.1 200 OK"
2026-07-30 23:37:54,981 HTTP Request: POST https://router.huggingface.co/featherless-ai/v1/chat/completions "HTTP/1.1 200 OK"
2026-07-30 23:37:55,195 HTTP Request: POST https://router.huggingface.co/featherless-ai/v1/chat/completions "HTTP/1.1 200 OK"
2026-07-30 23:37:55,453 HTTP Request: POST https://router.huggingface.co/featherless-ai/v1/chat/completions "HTTP/1.1 200 OK"
2026-07-30 23:37:55,799 HTTP Request: POST https://router.huggingface.co/featherless-ai/v1/chat/completions "HTTP/1.1 200 OK"
2026-07-30 23:37:55,999 HTTP Request: POST https://router.huggingface.co/featherless-ai/v1/chat/completions "HTTP/1.1 200 OK"
2026-07-30 23:37:56,014 HTTP Request: POST https://router.huggingface.co/featherless-ai/v1/chat/completions "HTTP/1.1 200 OK"
2026-07-30 23:37:56,307 HTTP Request: POST https://router.huggingface.co/featherless-ai/v1/chat/completions "HTTP/1.1 200 OK"
2026-07-30 23:37:56,412 HTTP Request: POST https://router.huggingface.co/featherless-ai/v1/chat/completions "HTTP/1.1 200 OK"
2026-07-30 23:37:56,714 HTTP Request: POST https://router.huggingface.co/featherless-ai/v1/chat/completions "HTTP/1.1 200 OK"
2026-07-30 23:37:57,178 HTTP Request: POST https://router.huggingface.co/featherless-ai/v1/chat/completions "HTTP/1.1 200 OK"
2026-07-30 23:37:57,224 HTTP Request: POST https://router.huggingface.co/featherless-ai/v1/chat/completions "HTTP/1.1 200 OK"
2026-07-30 23:37:57,574 HTTP Request: POST https://router.huggingface.co/featherless-ai/v1/chat/completions "HTTP/1.1 200 OK"
2026-07-30 23:37:57,778 [1625/4800] ok=1625 fail=0 rate=3.2/s eta=991s
2026-07-30 23:37:58,243 HTTP Request: POST https://router.huggingface.co/featherless-ai/v1/chat/completions "HTTP/1.1 200 OK"
2026-07-30 23:37:58,305 HTTP Request: POST https://router.huggingface.co/featherless-ai/v1/chat/completions "HTTP/1.1 200 OK"
2026-07-30 23:37:58,583 HTTP Request: POST https://router.huggingface.co/featherless-ai/v1/chat/completions "HTTP/1.1 200 OK"
2026-07-30 23:37:58,787 HTTP Request: POST https://router.huggingface.co/featherless-ai/v1/chat/completions "HTTP/1.1 200 OK"
2026-07-30 23:37:58,971 HTTP Request: POST https://router.huggingface.co/featherless-ai/v1/chat/completions "HTTP/1.1 200 OK"
2026-07-30 23:37:59,238 HTTP Request: POST https://router.huggingface.co/featherless-ai/v1/chat/completions "HTTP/1.1 200 OK"
2026-07-30 23:37:59,245 HTTP Request: POST https://router.huggingface.co/featherless-ai/v1/chat/completions "HTTP/1.1 200 OK"
2026-07-30 23:37:59,783 HTTP Request: POST https://router.huggingface.co/featherless-ai/v1/chat/completions "HTTP/1.1 200 OK"
2026-07-30 23:38:00,129 HTTP Request: POST https://router.huggingface.co/featherless-ai/v1/chat/completions "HTTP/1.1 200 OK"
2026-07-30 23:38:00,277 HTTP Request: POST https://router.huggingface.co/featherless-ai/v1/chat/completions "HTTP/1.1 200 OK"
2026-07-30 23:38:00,283 HTTP Request: POST https://router.huggingface.co/featherless-ai/v1/chat/completions "HTTP/1.1 200 OK"
2026-07-30 23:38:00,654 HTTP Request: POST https://router.huggingface.co/featherless-ai/v1/chat/completions "HTTP/1.1 200 OK"
2026-07-30 23:38:00,818 HTTP Request: POST https://router.huggingface.co/featherless-ai/v1/chat/completions "HTTP/1.1 200 OK"
2026-07-30 23:38:01,015 HTTP Request: POST https://router.huggingface.co/featherless-ai/v1/chat/completions "HTTP/1.1 200 OK"
2026-07-30 23:38:01,398 HTTP Request: POST https://router.huggingface.co/featherless-ai/v1/chat/completions "HTTP/1.1 200 OK"
2026-07-30 23:38:01,677 HTTP Request: POST https://router.huggingface.co/featherless-ai/v1/chat/completions "HTTP/1.1 200 OK"
2026-07-30 23:38:01,977 HTTP Request: POST https://router.huggingface.co/featherless-ai/v1/chat/completions "HTTP/1.1 200 OK"
2026-07-30 23:38:02,133 HTTP Request: POST https://router.huggingface.co/featherless-ai/v1/chat/completions "HTTP/1.1 200 OK"
2026-07-30 23:38:02,344 HTTP Request: POST https://router.huggingface.co/featherless-ai/v1/chat/completions "HTTP/1.1 200 OK"
2026-07-30 23:38:02,491 HTTP Request: POST https://router.huggingface.co/featherless-ai/v1/chat/completions "HTTP/1.1 200 OK"
2026-07-30 23:38:02,870 HTTP Request: POST https://router.huggingface.co/featherless-ai/v1/chat/completions "HTTP/1.1 200 OK"
2026-07-30 23:38:03,130 HTTP Request: POST https://router.huggingface.co/featherless-ai/v1/chat/completions "HTTP/1.1 200 OK"
2026-07-30 23:38:03,287 HTTP Request: POST https://router.huggingface.co/featherless-ai/v1/chat/completions "HTTP/1.1 200 OK"
2026-07-30 23:38:03,562 HTTP Request: POST https://router.huggingface.co/featherless-ai/v1/chat/completions "HTTP/1.1 200 OK"
2026-07-30 23:38:03,680 [1650/4800] ok=1650 fail=0 rate=3.2/s eta=979s
2026-07-30 23:38:03,694 HTTP Request: POST https://router.huggingface.co/featherless-ai/v1/chat/completions "HTTP/1.1 200 OK"
2026-07-30 23:38:04,142 HTTP Request: POST https://router.huggingface.co/featherless-ai/v1/chat/completions "HTTP/1.1 200 OK"
2026-07-30 23:38:04,281 HTTP Request: POST https://router.huggingface.co/featherless-ai/v1/chat/completions "HTTP/1.1 200 OK"
2026-07-30 23:38:04,662 HTTP Request: POST https://router.huggingface.co/featherless-ai/v1/chat/completions "HTTP/1.1 200 OK"
2026-07-30 23:38:04,676 HTTP Request: POST https://router.huggingface.co/featherless-ai/v1/chat/completions "HTTP/1.1 200 OK"
2026-07-30 23:38:05,078 HTTP Request: POST https://router.huggingface.co/featherless-ai/v1/chat/completions "HTTP/1.1 200 OK"
2026-07-30 23:38:05,088 HTTP Request: POST https://router.huggingface.co/featherless-ai/v1/chat/completions "HTTP/1.1 200 OK"
2026-07-30 23:38:05,177 HTTP Request: POST https://router.huggingface.co/featherless-ai/v1/chat/completions "HTTP/1.1 200 OK"
2026-07-30 23:38:05,304 HTTP Request: POST https://router.huggingface.co/featherless-ai/v1/chat/completions "HTTP/1.1 200 OK"
2026-07-30 23:38:05,665 HTTP Request: POST https://router.huggingface.co/featherless-ai/v1/chat/completions "HTTP/1.1 200 OK"
2026-07-30 23:38:05,871 HTTP Request: POST https://router.huggingface.co/featherless-ai/v1/chat/completions "HTTP/1.1 200 OK"
2026-07-30 23:38:06,218 HTTP Request: POST https://router.huggingface.co/featherless-ai/v1/chat/completions "HTTP/1.1 200 OK"
2026-07-30 23:38:06,677 HTTP Request: POST https://router.huggingface.co/featherless-ai/v1/chat/completions "HTTP/1.1 200 OK"
2026-07-30 23:38:06,822 HTTP Request: POST https://router.huggingface.co/featherless-ai/v1/chat/completions "HTTP/1.1 200 OK"
2026-07-30 23:38:08,319 HTTP Request: POST https://router.huggingface.co/featherless-ai/v1/chat/completions "HTTP/1.1 200 OK"
2026-07-30 23:38:08,380 HTTP Request: POST https://router.huggingface.co/featherless-ai/v1/chat/completions "HTTP/1.1 200 OK"
2026-07-30 23:38:08,781 HTTP Request: POST https://router.huggingface.co/featherless-ai/v1/chat/completions "HTTP/1.1 200 OK"
2026-07-30 23:38:08,832 HTTP Request: POST https://router.huggingface.co/featherless-ai/v1/chat/completions "HTTP/1.1 200 OK"
2026-07-30 23:38:08,844 HTTP Request: POST https://router.huggingface.co/featherless-ai/v1/chat/completions "HTTP/1.1 200 OK"
2026-07-30 23:38:08,859 HTTP Request: POST https://router.huggingface.co/featherless-ai/v1/chat/completions "HTTP/1.1 200 OK"
2026-07-30 23:38:08,860 HTTP Request: POST https://router.huggingface.co/featherless-ai/v1/chat/completions "HTTP/1.1 200 OK"
2026-07-30 23:38:08,875 HTTP Request: POST https://router.huggingface.co/featherless-ai/v1/chat/completions "HTTP/1.1 200 OK"
2026-07-30 23:38:09,883 HTTP Request: POST https://router.huggingface.co/featherless-ai/v1/chat/completions "HTTP/1.1 200 OK"
2026-07-30 23:38:10,042 HTTP Request: POST https://router.huggingface.co/featherless-ai/v1/chat/completions "HTTP/1.1 200 OK"
2026-07-30 23:38:10,504 HTTP Request: POST https://router.huggingface.co/featherless-ai/v1/chat/completions "HTTP/1.1 200 OK"
2026-07-30 23:38:10,842 HTTP Request: POST https://router.huggingface.co/featherless-ai/v1/chat/completions "HTTP/1.1 200 OK"
2026-07-30 23:38:10,869 HTTP Request: POST https://router.huggingface.co/featherless-ai/v1/chat/completions "HTTP/1.1 200 OK"
2026-07-30 23:38:10,990 [1675/4800] ok=1675 fail=0 rate=3.2/s eta=971s
2026-07-30 23:38:11,119 HTTP Request: POST https://router.huggingface.co/featherless-ai/v1/chat/completions "HTTP/1.1 200 OK"
2026-07-30 23:38:11,353 HTTP Request: POST https://router.huggingface.co/featherless-ai/v1/chat/completions "HTTP/1.1 200 OK"
2026-07-30 23:38:11,694 HTTP Request: POST https://router.huggingface.co/featherless-ai/v1/chat/completions "HTTP/1.1 200 OK"
2026-07-30 23:38:11,698 HTTP Request: POST https://router.huggingface.co/featherless-ai/v1/chat/completions "HTTP/1.1 200 OK"
2026-07-30 23:38:12,005 HTTP Request: POST https://router.huggingface.co/featherless-ai/v1/chat/completions "HTTP/1.1 200 OK"
2026-07-30 23:38:12,222 HTTP Request: POST https://router.huggingface.co/featherless-ai/v1/chat/completions "HTTP/1.1 200 OK"
2026-07-30 23:38:12,419 HTTP Request: POST https://router.huggingface.co/featherless-ai/v1/chat/completions "HTTP/1.1 200 OK"
2026-07-30 23:38:12,515 HTTP Request: POST https://router.huggingface.co/featherless-ai/v1/chat/completions "HTTP/1.1 200 OK"
2026-07-30 23:38:12,733 HTTP Request: POST https://router.huggingface.co/featherless-ai/v1/chat/completions "HTTP/1.1 200 OK"
2026-07-30 23:38:13,207 HTTP Request: POST https://router.huggingface.co/featherless-ai/v1/chat/completions "HTTP/1.1 200 OK"
2026-07-30 23:38:13,305 HTTP Request: POST https://router.huggingface.co/featherless-ai/v1/chat/completions "HTTP/1.1 200 OK"
2026-07-30 23:38:13,548 HTTP Request: POST https://router.huggingface.co/featherless-ai/v1/chat/completions "HTTP/1.1 200 OK"
2026-07-30 23:38:13,947 HTTP Request: POST https://router.huggingface.co/featherless-ai/v1/chat/completions "HTTP/1.1 200 OK"
2026-07-30 23:38:14,132 HTTP Request: POST https://router.huggingface.co/featherless-ai/v1/chat/completions "HTTP/1.1 200 OK"
2026-07-30 23:38:14,700 HTTP Request: POST https://router.huggingface.co/featherless-ai/v1/chat/completions "HTTP/1.1 200 OK"
2026-07-30 23:38:14,705 HTTP Request: POST https://router.huggingface.co/featherless-ai/v1/chat/completions "HTTP/1.1 200 OK"
2026-07-30 23:38:14,808 HTTP Request: POST https://router.huggingface.co/featherless-ai/v1/chat/completions "HTTP/1.1 200 OK"
2026-07-30 23:38:15,034 HTTP Request: POST https://router.huggingface.co/featherless-ai/v1/chat/completions "HTTP/1.1 200 OK"
2026-07-30 23:38:15,141 HTTP Request: POST https://router.huggingface.co/featherless-ai/v1/chat/completions "HTTP/1.1 200 OK"
2026-07-30 23:38:15,246 HTTP Request: POST https://router.huggingface.co/featherless-ai/v1/chat/completions "HTTP/1.1 200 OK"
2026-07-30 23:38:15,456 HTTP Request: POST https://router.huggingface.co/featherless-ai/v1/chat/completions "HTTP/1.1 200 OK"
2026-07-30 23:38:15,732 HTTP Request: POST https://router.huggingface.co/featherless-ai/v1/chat/completions "HTTP/1.1 200 OK"
2026-07-30 23:38:16,323 HTTP Request: POST https://router.huggingface.co/featherless-ai/v1/chat/completions "HTTP/1.1 200 OK"
2026-07-30 23:38:16,579 HTTP Request: POST https://router.huggingface.co/featherless-ai/v1/chat/completions "HTTP/1.1 200 OK"
2026-07-30 23:38:16,683 [1700/4800] ok=1700 fail=0 rate=3.2/s eta=959s
2026-07-30 23:38:16,968 HTTP Request: POST https://router.huggingface.co/featherless-ai/v1/chat/completions "HTTP/1.1 200 OK"
2026-07-30 23:38:17,081 HTTP Request: POST https://router.huggingface.co/featherless-ai/v1/chat/completions "HTTP/1.1 200 OK"
2026-07-30 23:38:17,193 HTTP Request: POST https://router.huggingface.co/featherless-ai/v1/chat/completions "HTTP/1.1 200 OK"
2026-07-30 23:38:17,398 HTTP Request: POST https://router.huggingface.co/featherless-ai/v1/chat/completions "HTTP/1.1 200 OK"
2026-07-30 23:38:17,651 HTTP Request: POST https://router.huggingface.co/featherless-ai/v1/chat/completions "HTTP/1.1 200 OK"
2026-07-30 23:38:17,904 HTTP Request: POST https://router.huggingface.co/featherless-ai/v1/chat/completions "HTTP/1.1 200 OK"
2026-07-30 23:38:18,074 HTTP Request: POST https://router.huggingface.co/featherless-ai/v1/chat/completions "HTTP/1.1 200 OK"
2026-07-30 23:38:18,645 HTTP Request: POST https://router.huggingface.co/featherless-ai/v1/chat/completions "HTTP/1.1 200 OK"
2026-07-30 23:38:18,717 HTTP Request: POST https://router.huggingface.co/featherless-ai/v1/chat/completions "HTTP/1.1 200 OK"
2026-07-30 23:38:18,721 HTTP Request: POST https://router.huggingface.co/featherless-ai/v1/chat/completions "HTTP/1.1 200 OK"
2026-07-30 23:38:18,834 HTTP Request: POST https://router.huggingface.co/featherless-ai/v1/chat/completions "HTTP/1.1 200 OK"
2026-07-30 23:38:19,115 HTTP Request: POST https://router.huggingface.co/featherless-ai/v1/chat/completions "HTTP/1.1 200 OK"
2026-07-30 23:38:19,499 HTTP Request: POST https://router.huggingface.co/featherless-ai/v1/chat/completions "HTTP/1.1 200 OK"
2026-07-30 23:38:19,523 HTTP Request: POST https://router.huggingface.co/featherless-ai/v1/chat/completions "HTTP/1.1 200 OK"
2026-07-30 23:38:20,247 HTTP Request: POST https://router.huggingface.co/featherless-ai/v1/chat/completions "HTTP/1.1 200 OK"
2026-07-30 23:38:20,387 HTTP Request: POST https://router.huggingface.co/featherless-ai/v1/chat/completions "HTTP/1.1 200 OK"
2026-07-30 23:38:20,729 HTTP Request: POST https://router.huggingface.co/featherless-ai/v1/chat/completions "HTTP/1.1 200 OK"
2026-07-30 23:38:20,827 HTTP Request: POST https://router.huggingface.co/featherless-ai/v1/chat/completions "HTTP/1.1 200 OK"
2026-07-30 23:38:21,067 HTTP Request: POST https://router.huggingface.co/featherless-ai/v1/chat/completions "HTTP/1.1 200 OK"
2026-07-30 23:38:21,176 HTTP Request: POST https://router.huggingface.co/featherless-ai/v1/chat/completions "HTTP/1.1 200 OK"
2026-07-30 23:38:21,760 HTTP Request: POST https://router.huggingface.co/featherless-ai/v1/chat/completions "HTTP/1.1 200 OK"
2026-07-30 23:38:21,798 HTTP Request: POST https://router.huggingface.co/featherless-ai/v1/chat/completions "HTTP/1.1 200 OK"
2026-07-30 23:38:21,904 HTTP Request: POST https://router.huggingface.co/featherless-ai/v1/chat/completions "HTTP/1.1 200 OK"
2026-07-30 23:38:22,251 [1725/4800] ok=1725 fail=0 rate=3.2/s eta=947s
2026-07-30 23:38:22,339 HTTP Request: POST https://router.huggingface.co/featherless-ai/v1/chat/completions "HTTP/1.1 200 OK"
2026-07-30 23:38:22,377 HTTP Request: POST https://router.huggingface.co/featherless-ai/v1/chat/completions "HTTP/1.1 200 OK"
2026-07-30 23:38:22,470 HTTP Request: POST https://router.huggingface.co/featherless-ai/v1/chat/completions "HTTP/1.1 200 OK"
2026-07-30 23:38:22,659 HTTP Request: POST https://router.huggingface.co/featherless-ai/v1/chat/completions "HTTP/1.1 200 OK"
2026-07-30 23:38:23,022 HTTP Request: POST https://router.huggingface.co/featherless-ai/v1/chat/completions "HTTP/1.1 200 OK"
2026-07-30 23:38:23,686 HTTP Request: POST https://router.huggingface.co/featherless-ai/v1/chat/completions "HTTP/1.1 200 OK"
2026-07-30 23:38:23,874 HTTP Request: POST https://router.huggingface.co/featherless-ai/v1/chat/completions "HTTP/1.1 200 OK"
2026-07-30 23:38:23,903 HTTP Request: POST https://router.huggingface.co/featherless-ai/v1/chat/completions "HTTP/1.1 200 OK"
2026-07-30 23:38:24,443 HTTP Request: POST https://router.huggingface.co/featherless-ai/v1/chat/completions "HTTP/1.1 200 OK"
2026-07-30 23:38:24,529 HTTP Request: POST https://router.huggingface.co/featherless-ai/v1/chat/completions "HTTP/1.1 200 OK"
2026-07-30 23:38:24,676 HTTP Request: POST https://router.huggingface.co/featherless-ai/v1/chat/completions "HTTP/1.1 200 OK"
2026-07-30 23:38:24,723 HTTP Request: POST https://router.huggingface.co/featherless-ai/v1/chat/completions "HTTP/1.1 200 OK"
2026-07-30 23:38:25,399 HTTP Request: POST https://router.huggingface.co/featherless-ai/v1/chat/completions "HTTP/1.1 200 OK"
2026-07-30 23:38:25,531 HTTP Request: POST https://router.huggingface.co/featherless-ai/v1/chat/completions "HTTP/1.1 200 OK"
2026-07-30 23:38:25,601 HTTP Request: POST https://router.huggingface.co/featherless-ai/v1/chat/completions "HTTP/1.1 200 OK"
2026-07-30 23:38:25,765 HTTP Request: POST https://router.huggingface.co/featherless-ai/v1/chat/completions "HTTP/1.1 200 OK"
2026-07-30 23:38:26,083 HTTP Request: POST https://router.huggingface.co/featherless-ai/v1/chat/completions "HTTP/1.1 200 OK"
2026-07-30 23:38:26,231 HTTP Request: POST https://router.huggingface.co/featherless-ai/v1/chat/completions "HTTP/1.1 200 OK"
2026-07-30 23:38:26,459 HTTP Request: POST https://router.huggingface.co/featherless-ai/v1/chat/completions "HTTP/1.1 200 OK"
2026-07-30 23:38:26,596 HTTP Request: POST https://router.huggingface.co/featherless-ai/v1/chat/completions "HTTP/1.1 200 OK"
2026-07-30 23:38:26,987 HTTP Request: POST https://router.huggingface.co/featherless-ai/v1/chat/completions "HTTP/1.1 200 OK"
2026-07-30 23:38:27,307 HTTP Request: POST https://router.huggingface.co/featherless-ai/v1/chat/completions "HTTP/1.1 200 OK"
2026-07-30 23:38:27,501 HTTP Request: POST https://router.huggingface.co/featherless-ai/v1/chat/completions "HTTP/1.1 200 OK"
2026-07-30 23:38:27,605 HTTP Request: POST https://router.huggingface.co/featherless-ai/v1/chat/completions "HTTP/1.1 200 OK"
2026-07-30 23:38:27,689 HTTP Request: POST https://router.huggingface.co/featherless-ai/v1/chat/completions "HTTP/1.1 200 OK"
2026-07-30 23:38:28,007 HTTP Request: POST https://router.huggingface.co/featherless-ai/v1/chat/completions "HTTP/1.1 200 OK"
2026-07-30 23:38:28,266 HTTP Request: POST https://router.huggingface.co/featherless-ai/v1/chat/completions "HTTP/1.1 200 OK"
2026-07-30 23:38:28,468 HTTP Request: POST https://router.huggingface.co/featherless-ai/v1/chat/completions "HTTP/1.1 200 OK"
2026-07-30 23:38:28,504 [1750/4800] ok=1750 fail=0 rate=3.3/s eta=937s
2026-07-30 23:38:28,920 HTTP Request: POST https://router.huggingface.co/featherless-ai/v1/chat/completions "HTTP/1.1 200 OK"
2026-07-30 23:38:29,173 HTTP Request: POST https://router.huggingface.co/featherless-ai/v1/chat/completions "HTTP/1.1 200 OK"
2026-07-30 23:38:29,310 HTTP Request: POST https://router.huggingface.co/featherless-ai/v1/chat/completions "HTTP/1.1 200 OK"
2026-07-30 23:38:29,789 HTTP Request: POST https://router.huggingface.co/featherless-ai/v1/chat/completions "HTTP/1.1 200 OK"
2026-07-30 23:38:29,926 HTTP Request: POST https://router.huggingface.co/featherless-ai/v1/chat/completions "HTTP/1.1 200 OK"
2026-07-30 23:38:30,353 HTTP Request: POST https://router.huggingface.co/featherless-ai/v1/chat/completions "HTTP/1.1 200 OK"
2026-07-30 23:38:30,518 HTTP Request: POST https://router.huggingface.co/featherless-ai/v1/chat/completions "HTTP/1.1 200 OK"
2026-07-30 23:38:30,564 HTTP Request: POST https://router.huggingface.co/featherless-ai/v1/chat/completions "HTTP/1.1 200 OK"
2026-07-30 23:38:30,980 HTTP Request: POST https://router.huggingface.co/featherless-ai/v1/chat/completions "HTTP/1.1 200 OK"
2026-07-30 23:38:31,425 HTTP Request: POST https://router.huggingface.co/featherless-ai/v1/chat/completions "HTTP/1.1 200 OK"
2026-07-30 23:38:31,614 HTTP Request: POST https://router.huggingface.co/featherless-ai/v1/chat/completions "HTTP/1.1 200 OK"
2026-07-30 23:38:31,620 HTTP Request: POST https://router.huggingface.co/featherless-ai/v1/chat/completions "HTTP/1.1 200 OK"
2026-07-30 23:38:32,094 HTTP Request: POST https://router.huggingface.co/featherless-ai/v1/chat/completions "HTTP/1.1 200 OK"
2026-07-30 23:38:32,246 HTTP Request: POST https://router.huggingface.co/featherless-ai/v1/chat/completions "HTTP/1.1 200 OK"
2026-07-30 23:38:32,314 HTTP Request: POST https://router.huggingface.co/featherless-ai/v1/chat/completions "HTTP/1.1 200 OK"
2026-07-30 23:38:32,461 HTTP Request: POST https://router.huggingface.co/featherless-ai/v1/chat/completions "HTTP/1.1 200 OK"
2026-07-30 23:38:32,993 HTTP Request: POST https://router.huggingface.co/featherless-ai/v1/chat/completions "HTTP/1.1 200 OK"
2026-07-30 23:38:33,158 HTTP Request: POST https://router.huggingface.co/featherless-ai/v1/chat/completions "HTTP/1.1 200 OK"
2026-07-30 23:38:33,592 HTTP Request: POST https://router.huggingface.co/featherless-ai/v1/chat/completions "HTTP/1.1 200 OK"
2026-07-30 23:38:33,808 HTTP Request: POST https://router.huggingface.co/featherless-ai/v1/chat/completions "HTTP/1.1 200 OK"
2026-07-30 23:38:34,466 HTTP Request: POST https://router.huggingface.co/featherless-ai/v1/chat/completions "HTTP/1.1 200 OK"
2026-07-30 23:38:34,516 [1775/4800] ok=1775 fail=0 rate=3.3/s eta=927s
2026-07-30 23:38:34,652 HTTP Request: POST https://router.huggingface.co/featherless-ai/v1/chat/completions "HTTP/1.1 200 OK"
2026-07-30 23:38:34,859 HTTP Request: POST https://router.huggingface.co/featherless-ai/v1/chat/completions "HTTP/1.1 200 OK"
2026-07-30 23:38:34,950 HTTP Request: POST https://router.huggingface.co/featherless-ai/v1/chat/completions "HTTP/1.1 200 OK"
2026-07-30 23:38:35,052 HTTP Request: POST https://router.huggingface.co/featherless-ai/v1/chat/completions "HTTP/1.1 200 OK"
2026-07-30 23:38:35,102 HTTP Request: POST https://router.huggingface.co/featherless-ai/v1/chat/completions "HTTP/1.1 200 OK"
2026-07-30 23:38:35,907 HTTP Request: POST https://router.huggingface.co/featherless-ai/v1/chat/completions "HTTP/1.1 200 OK"
2026-07-30 23:38:35,914 HTTP Request: POST https://router.huggingface.co/featherless-ai/v1/chat/completions "HTTP/1.1 200 OK"
2026-07-30 23:38:36,601 HTTP Request: POST https://router.huggingface.co/featherless-ai/v1/chat/completions "HTTP/1.1 200 OK"
2026-07-30 23:38:36,941 HTTP Request: POST https://router.huggingface.co/featherless-ai/v1/chat/completions "HTTP/1.1 200 OK"
2026-07-30 23:38:37,240 HTTP Request: POST https://router.huggingface.co/featherless-ai/v1/chat/completions "HTTP/1.1 200 OK"
2026-07-30 23:38:37,289 HTTP Request: POST https://router.huggingface.co/featherless-ai/v1/chat/completions "HTTP/1.1 200 OK"
2026-07-30 23:38:37,528 HTTP Request: POST https://router.huggingface.co/featherless-ai/v1/chat/completions "HTTP/1.1 200 OK"
2026-07-30 23:38:37,818 HTTP Request: POST https://router.huggingface.co/featherless-ai/v1/chat/completions "HTTP/1.1 200 OK"
2026-07-30 23:38:38,301 HTTP Request: POST https://router.huggingface.co/featherless-ai/v1/chat/completions "HTTP/1.1 200 OK"
2026-07-30 23:38:38,412 HTTP Request: POST https://router.huggingface.co/featherless-ai/v1/chat/completions "HTTP/1.1 200 OK"
2026-07-30 23:38:38,789 HTTP Request: POST https://router.huggingface.co/featherless-ai/v1/chat/completions "HTTP/1.1 200 OK"
2026-07-30 23:38:38,963 HTTP Request: POST https://router.huggingface.co/featherless-ai/v1/chat/completions "HTTP/1.1 200 OK"
2026-07-30 23:38:39,254 HTTP Request: POST https://router.huggingface.co/featherless-ai/v1/chat/completions "HTTP/1.1 200 OK"
2026-07-30 23:38:40,042 HTTP Request: POST https://router.huggingface.co/featherless-ai/v1/chat/completions "HTTP/1.1 200 OK"
2026-07-30 23:38:40,211 HTTP Request: POST https://router.huggingface.co/featherless-ai/v1/chat/completions "HTTP/1.1 200 OK"
2026-07-30 23:38:40,297 HTTP Request: POST https://router.huggingface.co/featherless-ai/v1/chat/completions "HTTP/1.1 200 OK"
2026-07-30 23:38:40,546 HTTP Request: POST https://router.huggingface.co/featherless-ai/v1/chat/completions "HTTP/1.1 200 OK"
2026-07-30 23:38:40,834 HTTP Request: POST https://router.huggingface.co/featherless-ai/v1/chat/completions "HTTP/1.1 200 OK"
2026-07-30 23:38:41,733 HTTP Request: POST https://router.huggingface.co/featherless-ai/v1/chat/completions "HTTP/1.1 200 OK"
2026-07-30 23:38:42,071 HTTP Request: POST https://router.huggingface.co/featherless-ai/v1/chat/completions "HTTP/1.1 200 OK"
2026-07-30 23:38:42,216 HTTP Request: POST https://router.huggingface.co/featherless-ai/v1/chat/completions "HTTP/1.1 200 OK"
2026-07-30 23:38:42,567 HTTP Request: POST https://router.huggingface.co/featherless-ai/v1/chat/completions "HTTP/1.1 200 OK"
2026-07-30 23:38:42,637 HTTP Request: POST https://router.huggingface.co/featherless-ai/v1/chat/completions "HTTP/1.1 200 OK"
2026-07-30 23:38:42,712 [1800/4800] ok=1800 fail=0 rate=3.3/s eta=920s
2026-07-30 23:38:42,935 HTTP Request: POST https://router.huggingface.co/featherless-ai/v1/chat/completions "HTTP/1.1 200 OK"
2026-07-30 23:38:42,964 HTTP Request: POST https://router.huggingface.co/featherless-ai/v1/chat/completions "HTTP/1.1 200 OK"
2026-07-30 23:38:43,188 HTTP Request: POST https://router.huggingface.co/featherless-ai/v1/chat/completions "HTTP/1.1 200 OK"
2026-07-30 23:38:43,320 HTTP Request: POST https://router.huggingface.co/featherless-ai/v1/chat/completions "HTTP/1.1 200 OK"
2026-07-30 23:38:43,720 HTTP Request: POST https://router.huggingface.co/featherless-ai/v1/chat/completions "HTTP/1.1 200 OK"
2026-07-30 23:38:44,068 HTTP Request: POST https://router.huggingface.co/featherless-ai/v1/chat/completions "HTTP/1.1 200 OK"
2026-07-30 23:38:44,464 HTTP Request: POST https://router.huggingface.co/featherless-ai/v1/chat/completions "HTTP/1.1 200 OK"
2026-07-30 23:38:44,484 HTTP Request: POST https://router.huggingface.co/featherless-ai/v1/chat/completions "HTTP/1.1 200 OK"
2026-07-30 23:38:44,777 HTTP Request: POST https://router.huggingface.co/featherless-ai/v1/chat/completions "HTTP/1.1 200 OK"
2026-07-30 23:38:44,921 HTTP Request: POST https://router.huggingface.co/featherless-ai/v1/chat/completions "HTTP/1.1 200 OK"
2026-07-30 23:38:45,090 HTTP Request: POST https://router.huggingface.co/featherless-ai/v1/chat/completions "HTTP/1.1 200 OK"
2026-07-30 23:38:45,349 HTTP Request: POST https://router.huggingface.co/featherless-ai/v1/chat/completions "HTTP/1.1 200 OK"
2026-07-30 23:38:45,536 HTTP Request: POST https://router.huggingface.co/featherless-ai/v1/chat/completions "HTTP/1.1 200 OK"
2026-07-30 23:38:45,844 HTTP Request: POST https://router.huggingface.co/featherless-ai/v1/chat/completions "HTTP/1.1 200 OK"
2026-07-30 23:38:46,074 HTTP Request: POST https://router.huggingface.co/featherless-ai/v1/chat/completions "HTTP/1.1 200 OK"
2026-07-30 23:38:47,003 HTTP Request: POST https://router.huggingface.co/featherless-ai/v1/chat/completions "HTTP/1.1 200 OK"
2026-07-30 23:38:47,957 HTTP Request: POST https://router.huggingface.co/featherless-ai/v1/chat/completions "HTTP/1.1 200 OK"
2026-07-30 23:38:48,228 HTTP Request: POST https://router.huggingface.co/featherless-ai/v1/chat/completions "HTTP/1.1 200 OK"
2026-07-30 23:38:48,230 HTTP Request: POST https://router.huggingface.co/featherless-ai/v1/chat/completions "HTTP/1.1 200 OK"
2026-07-30 23:38:48,251 HTTP Request: POST https://router.huggingface.co/featherless-ai/v1/chat/completions "HTTP/1.1 200 OK"
2026-07-30 23:38:48,259 HTTP Request: POST https://router.huggingface.co/featherless-ai/v1/chat/completions "HTTP/1.1 200 OK"
2026-07-30 23:38:48,835 HTTP Request: POST https://router.huggingface.co/featherless-ai/v1/chat/completions "HTTP/1.1 200 OK"
2026-07-30 23:38:49,745 HTTP Request: POST https://router.huggingface.co/featherless-ai/v1/chat/completions "HTTP/1.1 200 OK"
2026-07-30 23:38:49,762 HTTP Request: POST https://router.huggingface.co/featherless-ai/v1/chat/completions "HTTP/1.1 200 OK"
2026-07-30 23:38:50,010 HTTP Request: POST https://router.huggingface.co/featherless-ai/v1/chat/completions "HTTP/1.1 200 OK"
2026-07-30 23:38:50,107 HTTP Request: POST https://router.huggingface.co/featherless-ai/v1/chat/completions "HTTP/1.1 200 OK"
2026-07-30 23:38:50,300 HTTP Request: POST https://router.huggingface.co/featherless-ai/v1/chat/completions "HTTP/1.1 200 OK"
2026-07-30 23:38:50,329 [1825/4800] ok=1825 fail=0 rate=3.3/s eta=912s
2026-07-30 23:38:50,712 HTTP Request: POST https://router.huggingface.co/featherless-ai/v1/chat/completions "HTTP/1.1 200 OK"
2026-07-30 23:38:50,775 HTTP Request: POST https://router.huggingface.co/featherless-ai/v1/chat/completions "HTTP/1.1 200 OK"
2026-07-30 23:38:51,345 HTTP Request: POST https://router.huggingface.co/featherless-ai/v1/chat/completions "HTTP/1.1 200 OK"
2026-07-30 23:38:51,513 HTTP Request: POST https://router.huggingface.co/featherless-ai/v1/chat/completions "HTTP/1.1 200 OK"
2026-07-30 23:38:51,741 HTTP Request: POST https://router.huggingface.co/featherless-ai/v1/chat/completions "HTTP/1.1 200 OK"
2026-07-30 23:38:51,902 HTTP Request: POST https://router.huggingface.co/featherless-ai/v1/chat/completions "HTTP/1.1 200 OK"
2026-07-30 23:38:52,121 HTTP Request: POST https://router.huggingface.co/featherless-ai/v1/chat/completions "HTTP/1.1 200 OK"
2026-07-30 23:38:52,140 HTTP Request: POST https://router.huggingface.co/featherless-ai/v1/chat/completions "HTTP/1.1 200 OK"
2026-07-30 23:38:53,711 HTTP Request: POST https://router.huggingface.co/featherless-ai/v1/chat/completions "HTTP/1.1 200 OK"
2026-07-30 23:38:53,735 HTTP Request: POST https://router.huggingface.co/featherless-ai/v1/chat/completions "HTTP/1.1 200 OK"
2026-07-30 23:38:53,927 HTTP Request: POST https://router.huggingface.co/featherless-ai/v1/chat/completions "HTTP/1.1 200 OK"
2026-07-30 23:38:53,930 HTTP Request: POST https://router.huggingface.co/featherless-ai/v1/chat/completions "HTTP/1.1 200 OK"
2026-07-30 23:38:54,021 HTTP Request: POST https://router.huggingface.co/featherless-ai/v1/chat/completions "HTTP/1.1 200 OK"
2026-07-30 23:38:54,369 HTTP Request: POST https://router.huggingface.co/featherless-ai/v1/chat/completions "HTTP/1.1 200 OK"
2026-07-30 23:38:54,532 HTTP Request: POST https://router.huggingface.co/featherless-ai/v1/chat/completions "HTTP/1.1 200 OK"
2026-07-30 23:38:54,705 HTTP Request: POST https://router.huggingface.co/featherless-ai/v1/chat/completions "HTTP/1.1 200 OK"
2026-07-30 23:38:55,337 HTTP Request: POST https://router.huggingface.co/featherless-ai/v1/chat/completions "HTTP/1.1 200 OK"
2026-07-30 23:38:55,859 HTTP Request: POST https://router.huggingface.co/featherless-ai/v1/chat/completions "HTTP/1.1 200 OK"
2026-07-30 23:38:55,859 HTTP Request: POST https://router.huggingface.co/featherless-ai/v1/chat/completions "HTTP/1.1 200 OK"
2026-07-30 23:38:56,060 HTTP Request: POST https://router.huggingface.co/featherless-ai/v1/chat/completions "HTTP/1.1 200 OK"
2026-07-30 23:38:56,427 [1850/4800] ok=1850 fail=0 rate=3.3/s eta=902s
2026-07-30 23:38:56,451 HTTP Request: POST https://router.huggingface.co/featherless-ai/v1/chat/completions "HTTP/1.1 200 OK"
2026-07-30 23:38:56,642 HTTP Request: POST https://router.huggingface.co/featherless-ai/v1/chat/completions "HTTP/1.1 200 OK"
2026-07-30 23:38:56,717 HTTP Request: POST https://router.huggingface.co/featherless-ai/v1/chat/completions "HTTP/1.1 200 OK"
2026-07-30 23:38:56,838 HTTP Request: POST https://router.huggingface.co/featherless-ai/v1/chat/completions "HTTP/1.1 200 OK"
2026-07-30 23:38:57,376 HTTP Request: POST https://router.huggingface.co/featherless-ai/v1/chat/completions "HTTP/1.1 200 OK"
2026-07-30 23:38:57,644 HTTP Request: POST https://router.huggingface.co/featherless-ai/v1/chat/completions "HTTP/1.1 200 OK"
2026-07-30 23:38:57,802 HTTP Request: POST https://router.huggingface.co/featherless-ai/v1/chat/completions "HTTP/1.1 200 OK"
2026-07-30 23:38:58,070 HTTP Request: POST https://router.huggingface.co/featherless-ai/v1/chat/completions "HTTP/1.1 200 OK"
2026-07-30 23:38:58,234 HTTP Request: POST https://router.huggingface.co/featherless-ai/v1/chat/completions "HTTP/1.1 200 OK"
2026-07-30 23:38:58,416 HTTP Request: POST https://router.huggingface.co/featherless-ai/v1/chat/completions "HTTP/1.1 200 OK"
2026-07-30 23:38:58,651 HTTP Request: POST https://router.huggingface.co/featherless-ai/v1/chat/completions "HTTP/1.1 200 OK"
2026-07-30 23:38:58,858 HTTP Request: POST https://router.huggingface.co/featherless-ai/v1/chat/completions "HTTP/1.1 200 OK"
2026-07-30 23:38:59,627 HTTP Request: POST https://router.huggingface.co/featherless-ai/v1/chat/completions "HTTP/1.1 200 OK"
2026-07-30 23:38:59,924 HTTP Request: POST https://router.huggingface.co/featherless-ai/v1/chat/completions "HTTP/1.1 200 OK"
2026-07-30 23:39:00,240 HTTP Request: POST https://router.huggingface.co/featherless-ai/v1/chat/completions "HTTP/1.1 200 OK"
2026-07-30 23:39:00,320 HTTP Request: POST https://router.huggingface.co/featherless-ai/v1/chat/completions "HTTP/1.1 200 OK"
2026-07-30 23:39:00,436 HTTP Request: POST https://router.huggingface.co/featherless-ai/v1/chat/completions "HTTP/1.1 200 OK"
2026-07-30 23:39:00,487 HTTP Request: POST https://router.huggingface.co/featherless-ai/v1/chat/completions "HTTP/1.1 200 OK"
2026-07-30 23:39:00,570 HTTP Request: POST https://router.huggingface.co/featherless-ai/v1/chat/completions "HTTP/1.1 200 OK"
2026-07-30 23:39:00,788 HTTP Request: POST https://router.huggingface.co/featherless-ai/v1/chat/completions "HTTP/1.1 200 OK"
2026-07-30 23:39:01,145 HTTP Request: POST https://router.huggingface.co/featherless-ai/v1/chat/completions "HTTP/1.1 200 OK"
2026-07-30 23:39:01,447 HTTP Request: POST https://router.huggingface.co/featherless-ai/v1/chat/completions "HTTP/1.1 200 OK"
2026-07-30 23:39:02,305 HTTP Request: POST https://router.huggingface.co/featherless-ai/v1/chat/completions "HTTP/1.1 200 OK"
2026-07-30 23:39:02,317 HTTP Request: POST https://router.huggingface.co/featherless-ai/v1/chat/completions "HTTP/1.1 200 OK"
2026-07-30 23:39:02,466 HTTP Request: POST https://router.huggingface.co/featherless-ai/v1/chat/completions "HTTP/1.1 200 OK"
2026-07-30 23:39:02,509 HTTP Request: POST https://router.huggingface.co/featherless-ai/v1/chat/completions "HTTP/1.1 200 OK"
2026-07-30 23:39:02,636 HTTP Request: POST https://router.huggingface.co/featherless-ai/v1/chat/completions "HTTP/1.1 200 OK"
2026-07-30 23:39:02,789 [1875/4800] ok=1875 fail=0 rate=3.3/s eta=892s
2026-07-30 23:39:02,854 HTTP Request: POST https://router.huggingface.co/featherless-ai/v1/chat/completions "HTTP/1.1 200 OK"
2026-07-30 23:39:03,238 HTTP Request: POST https://router.huggingface.co/featherless-ai/v1/chat/completions "HTTP/1.1 200 OK"
2026-07-30 23:39:03,454 HTTP Request: POST https://router.huggingface.co/featherless-ai/v1/chat/completions "HTTP/1.1 200 OK"
2026-07-30 23:39:04,012 HTTP Request: POST https://router.huggingface.co/featherless-ai/v1/chat/completions "HTTP/1.1 200 OK"
2026-07-30 23:39:04,138 HTTP Request: POST https://router.huggingface.co/featherless-ai/v1/chat/completions "HTTP/1.1 200 OK"
2026-07-30 23:39:04,430 HTTP Request: POST https://router.huggingface.co/featherless-ai/v1/chat/completions "HTTP/1.1 200 OK"
2026-07-30 23:39:04,589 HTTP Request: POST https://router.huggingface.co/featherless-ai/v1/chat/completions "HTTP/1.1 200 OK"
2026-07-30 23:39:04,902 HTTP Request: POST https://router.huggingface.co/featherless-ai/v1/chat/completions "HTTP/1.1 200 OK"
2026-07-30 23:39:05,037 HTTP Request: POST https://router.huggingface.co/featherless-ai/v1/chat/completions "HTTP/1.1 200 OK"
2026-07-30 23:39:05,560 HTTP Request: POST https://router.huggingface.co/featherless-ai/v1/chat/completions "HTTP/1.1 200 OK"
2026-07-30 23:39:05,872 HTTP Request: POST https://router.huggingface.co/featherless-ai/v1/chat/completions "HTTP/1.1 200 OK"
2026-07-30 23:39:05,875 HTTP Request: POST https://router.huggingface.co/featherless-ai/v1/chat/completions "HTTP/1.1 200 OK"
2026-07-30 23:39:06,101 HTTP Request: POST https://router.huggingface.co/featherless-ai/v1/chat/completions "HTTP/1.1 200 OK"
2026-07-30 23:39:06,500 HTTP Request: POST https://router.huggingface.co/featherless-ai/v1/chat/completions "HTTP/1.1 200 OK"
2026-07-30 23:39:06,515 HTTP Request: POST https://router.huggingface.co/featherless-ai/v1/chat/completions "HTTP/1.1 200 OK"
2026-07-30 23:39:06,576 HTTP Request: POST https://router.huggingface.co/featherless-ai/v1/chat/completions "HTTP/1.1 200 OK"
2026-07-30 23:39:06,961 HTTP Request: POST https://router.huggingface.co/featherless-ai/v1/chat/completions "HTTP/1.1 200 OK"
2026-07-30 23:39:07,215 HTTP Request: POST https://router.huggingface.co/featherless-ai/v1/chat/completions "HTTP/1.1 200 OK"
2026-07-30 23:39:08,048 HTTP Request: POST https://router.huggingface.co/featherless-ai/v1/chat/completions "HTTP/1.1 200 OK"
2026-07-30 23:39:08,198 HTTP Request: POST https://router.huggingface.co/featherless-ai/v1/chat/completions "HTTP/1.1 200 OK"
2026-07-30 23:39:08,436 HTTP Request: POST https://router.huggingface.co/featherless-ai/v1/chat/completions "HTTP/1.1 200 OK"
2026-07-30 23:39:08,575 HTTP Request: POST https://router.huggingface.co/featherless-ai/v1/chat/completions "HTTP/1.1 200 OK"
2026-07-30 23:39:08,867 HTTP Request: POST https://router.huggingface.co/featherless-ai/v1/chat/completions "HTTP/1.1 200 OK"
2026-07-30 23:39:09,025 HTTP Request: POST https://router.huggingface.co/featherless-ai/v1/chat/completions "HTTP/1.1 200 OK"
2026-07-30 23:39:09,271 HTTP Request: POST https://router.huggingface.co/featherless-ai/v1/chat/completions "HTTP/1.1 200 OK"
2026-07-30 23:39:09,375 [1900/4800] ok=1900 fail=0 rate=3.3/s eta=883s
2026-07-30 23:39:09,860 HTTP Request: POST https://router.huggingface.co/featherless-ai/v1/chat/completions "HTTP/1.1 200 OK"
2026-07-30 23:39:10,034 HTTP Request: POST https://router.huggingface.co/featherless-ai/v1/chat/completions "HTTP/1.1 200 OK"
2026-07-30 23:39:10,048 HTTP Request: POST https://router.huggingface.co/featherless-ai/v1/chat/completions "HTTP/1.1 200 OK"
2026-07-30 23:39:10,227 HTTP Request: POST https://router.huggingface.co/featherless-ai/v1/chat/completions "HTTP/1.1 200 OK"
2026-07-30 23:39:10,426 HTTP Request: POST https://router.huggingface.co/featherless-ai/v1/chat/completions "HTTP/1.1 200 OK"
2026-07-30 23:39:10,629 HTTP Request: POST https://router.huggingface.co/featherless-ai/v1/chat/completions "HTTP/1.1 200 OK"
2026-07-30 23:39:10,695 HTTP Request: POST https://router.huggingface.co/featherless-ai/v1/chat/completions "HTTP/1.1 200 OK"
2026-07-30 23:39:11,074 HTTP Request: POST https://router.huggingface.co/featherless-ai/v1/chat/completions "HTTP/1.1 200 OK"
2026-07-30 23:39:12,167 HTTP Request: POST https://router.huggingface.co/featherless-ai/v1/chat/completions "HTTP/1.1 200 OK"
2026-07-30 23:39:12,173 HTTP Request: POST https://router.huggingface.co/featherless-ai/v1/chat/completions "HTTP/1.1 200 OK"
2026-07-30 23:39:12,354 HTTP Request: POST https://router.huggingface.co/featherless-ai/v1/chat/completions "HTTP/1.1 200 OK"
2026-07-30 23:39:12,550 HTTP Request: POST https://router.huggingface.co/featherless-ai/v1/chat/completions "HTTP/1.1 200 OK"
2026-07-30 23:39:12,836 HTTP Request: POST https://router.huggingface.co/featherless-ai/v1/chat/completions "HTTP/1.1 200 OK"
2026-07-30 23:39:12,972 HTTP Request: POST https://router.huggingface.co/featherless-ai/v1/chat/completions "HTTP/1.1 200 OK"
2026-07-30 23:39:13,231 HTTP Request: POST https://router.huggingface.co/featherless-ai/v1/chat/completions "HTTP/1.1 200 OK"
2026-07-30 23:39:13,583 HTTP Request: POST https://router.huggingface.co/featherless-ai/v1/chat/completions "HTTP/1.1 200 OK"
2026-07-30 23:39:13,948 HTTP Request: POST https://router.huggingface.co/featherless-ai/v1/chat/completions "HTTP/1.1 200 OK"
2026-07-30 23:39:14,036 HTTP Request: POST https://router.huggingface.co/featherless-ai/v1/chat/completions "HTTP/1.1 200 OK"
2026-07-30 23:39:14,491 HTTP Request: POST https://router.huggingface.co/featherless-ai/v1/chat/completions "HTTP/1.1 200 OK"
2026-07-30 23:39:14,644 HTTP Request: POST https://router.huggingface.co/featherless-ai/v1/chat/completions "HTTP/1.1 200 OK"
2026-07-30 23:39:14,945 HTTP Request: POST https://router.huggingface.co/featherless-ai/v1/chat/completions "HTTP/1.1 200 OK"
2026-07-30 23:39:15,486 HTTP Request: POST https://router.huggingface.co/featherless-ai/v1/chat/completions "HTTP/1.1 200 OK"
2026-07-30 23:39:15,600 HTTP Request: POST https://router.huggingface.co/featherless-ai/v1/chat/completions "HTTP/1.1 200 OK"
2026-07-30 23:39:15,601 HTTP Request: POST https://router.huggingface.co/featherless-ai/v1/chat/completions "HTTP/1.1 200 OK"
2026-07-30 23:39:15,787 HTTP Request: POST https://router.huggingface.co/featherless-ai/v1/chat/completions "HTTP/1.1 200 OK"
2026-07-30 23:39:15,798 HTTP Request: POST https://router.huggingface.co/featherless-ai/v1/chat/completions "HTTP/1.1 200 OK"
2026-07-30 23:39:15,890 [1925/4800] ok=1925 fail=0 rate=3.3/s eta=874s
2026-07-30 23:39:16,146 HTTP Request: POST https://router.huggingface.co/featherless-ai/v1/chat/completions "HTTP/1.1 200 OK"
2026-07-30 23:39:16,331 HTTP Request: POST https://router.huggingface.co/featherless-ai/v1/chat/completions "HTTP/1.1 200 OK"
2026-07-30 23:39:16,516 HTTP Request: POST https://router.huggingface.co/featherless-ai/v1/chat/completions "HTTP/1.1 200 OK"
2026-07-30 23:39:16,728 HTTP Request: POST https://router.huggingface.co/featherless-ai/v1/chat/completions "HTTP/1.1 200 OK"
2026-07-30 23:39:17,332 HTTP Request: POST https://router.huggingface.co/featherless-ai/v1/chat/completions "HTTP/1.1 200 OK"
2026-07-30 23:39:17,651 HTTP Request: POST https://router.huggingface.co/featherless-ai/v1/chat/completions "HTTP/1.1 200 OK"
2026-07-30 23:39:17,774 HTTP Request: POST https://router.huggingface.co/featherless-ai/v1/chat/completions "HTTP/1.1 200 OK"
2026-07-30 23:39:17,874 HTTP Request: POST https://router.huggingface.co/featherless-ai/v1/chat/completions "HTTP/1.1 200 OK"
2026-07-30 23:39:18,094 HTTP Request: POST https://router.huggingface.co/featherless-ai/v1/chat/completions "HTTP/1.1 200 OK"
2026-07-30 23:39:18,478 HTTP Request: POST https://router.huggingface.co/featherless-ai/v1/chat/completions "HTTP/1.1 200 OK"
2026-07-30 23:39:18,696 HTTP Request: POST https://router.huggingface.co/featherless-ai/v1/chat/completions "HTTP/1.1 200 OK"
2026-07-30 23:39:19,019 HTTP Request: POST https://router.huggingface.co/featherless-ai/v1/chat/completions "HTTP/1.1 200 OK"
2026-07-30 23:39:19,458 HTTP Request: POST https://router.huggingface.co/featherless-ai/v1/chat/completions "HTTP/1.1 200 OK"
2026-07-30 23:39:19,653 HTTP Request: POST https://router.huggingface.co/featherless-ai/v1/chat/completions "HTTP/1.1 200 OK"
2026-07-30 23:39:19,868 HTTP Request: POST https://router.huggingface.co/featherless-ai/v1/chat/completions "HTTP/1.1 200 OK"
2026-07-30 23:39:19,887 HTTP Request: POST https://router.huggingface.co/featherless-ai/v1/chat/completions "HTTP/1.1 200 OK"
2026-07-30 23:39:20,143 HTTP Request: POST https://router.huggingface.co/featherless-ai/v1/chat/completions "HTTP/1.1 200 OK"
2026-07-30 23:39:20,188 HTTP Request: POST https://router.huggingface.co/featherless-ai/v1/chat/completions "HTTP/1.1 200 OK"
2026-07-30 23:39:20,388 HTTP Request: POST https://router.huggingface.co/featherless-ai/v1/chat/completions "HTTP/1.1 200 OK"
2026-07-30 23:39:20,756 HTTP Request: POST https://router.huggingface.co/featherless-ai/v1/chat/completions "HTTP/1.1 200 OK"
2026-07-30 23:39:21,408 HTTP Request: POST https://router.huggingface.co/featherless-ai/v1/chat/completions "HTTP/1.1 200 OK"
2026-07-30 23:39:21,623 HTTP Request: POST https://router.huggingface.co/featherless-ai/v1/chat/completions "HTTP/1.1 200 OK"
2026-07-30 23:39:21,696 HTTP Request: POST https://router.huggingface.co/featherless-ai/v1/chat/completions "HTTP/1.1 200 OK"
2026-07-30 23:39:21,816 HTTP Request: POST https://router.huggingface.co/featherless-ai/v1/chat/completions "HTTP/1.1 200 OK"
2026-07-30 23:39:22,011 HTTP Request: POST https://router.huggingface.co/featherless-ai/v1/chat/completions "HTTP/1.1 200 OK"
2026-07-30 23:39:22,235 [1950/4800] ok=1950 fail=0 rate=3.3/s eta=864s
2026-07-30 23:39:22,320 HTTP Request: POST https://router.huggingface.co/featherless-ai/v1/chat/completions "HTTP/1.1 200 OK"
2026-07-30 23:39:22,485 HTTP Request: POST https://router.huggingface.co/featherless-ai/v1/chat/completions "HTTP/1.1 200 OK"
2026-07-30 23:39:22,636 HTTP Request: POST https://router.huggingface.co/featherless-ai/v1/chat/completions "HTTP/1.1 200 OK"
2026-07-30 23:39:23,372 HTTP Request: POST https://router.huggingface.co/featherless-ai/v1/chat/completions "HTTP/1.1 200 OK"
2026-07-30 23:39:23,393 HTTP Request: POST https://router.huggingface.co/featherless-ai/v1/chat/completions "HTTP/1.1 200 OK"
2026-07-30 23:39:23,940 HTTP Request: POST https://router.huggingface.co/featherless-ai/v1/chat/completions "HTTP/1.1 200 OK"
2026-07-30 23:39:24,107 HTTP Request: POST https://router.huggingface.co/featherless-ai/v1/chat/completions "HTTP/1.1 200 OK"
2026-07-30 23:39:24,111 HTTP Request: POST https://router.huggingface.co/featherless-ai/v1/chat/completions "HTTP/1.1 200 OK"
2026-07-30 23:39:24,162 HTTP Request: POST https://router.huggingface.co/featherless-ai/v1/chat/completions "HTTP/1.1 200 OK"
2026-07-30 23:39:24,529 HTTP Request: POST https://router.huggingface.co/featherless-ai/v1/chat/completions "HTTP/1.1 200 OK"
2026-07-30 23:39:24,599 HTTP Request: POST https://router.huggingface.co/featherless-ai/v1/chat/completions "HTTP/1.1 200 OK"
2026-07-30 23:39:25,626 HTTP Request: POST https://router.huggingface.co/featherless-ai/v1/chat/completions "HTTP/1.1 200 OK"
2026-07-30 23:39:25,691 HTTP Request: POST https://router.huggingface.co/featherless-ai/v1/chat/completions "HTTP/1.1 200 OK"
2026-07-30 23:39:25,835 HTTP Request: POST https://router.huggingface.co/featherless-ai/v1/chat/completions "HTTP/1.1 200 OK"
2026-07-30 23:39:26,037 HTTP Request: POST https://router.huggingface.co/featherless-ai/v1/chat/completions "HTTP/1.1 200 OK"
2026-07-30 23:39:26,277 HTTP Request: POST https://router.huggingface.co/featherless-ai/v1/chat/completions "HTTP/1.1 200 OK"
2026-07-30 23:39:26,497 HTTP Request: POST https://router.huggingface.co/featherless-ai/v1/chat/completions "HTTP/1.1 200 OK"
2026-07-30 23:39:26,616 HTTP Request: POST https://router.huggingface.co/featherless-ai/v1/chat/completions "HTTP/1.1 200 OK"
2026-07-30 23:39:26,913 HTTP Request: POST https://router.huggingface.co/featherless-ai/v1/chat/completions "HTTP/1.1 200 OK"
2026-07-30 23:39:28,048 HTTP Request: POST https://router.huggingface.co/featherless-ai/v1/chat/completions "HTTP/1.1 200 OK"
2026-07-30 23:39:28,168 [1975/4800] ok=1975 fail=0 rate=3.3/s eta=854s
2026-07-30 23:39:28,370 HTTP Request: POST https://router.huggingface.co/featherless-ai/v1/chat/completions "HTTP/1.1 200 OK"
2026-07-30 23:39:28,614 HTTP Request: POST https://router.huggingface.co/featherless-ai/v1/chat/completions "HTTP/1.1 200 OK"
2026-07-30 23:39:28,955 HTTP Request: POST https://router.huggingface.co/featherless-ai/v1/chat/completions "HTTP/1.1 200 OK"
2026-07-30 23:39:29,365 HTTP Request: POST https://router.huggingface.co/featherless-ai/v1/chat/completions "HTTP/1.1 200 OK"
2026-07-30 23:39:29,591 HTTP Request: POST https://router.huggingface.co/featherless-ai/v1/chat/completions "HTTP/1.1 200 OK"
2026-07-30 23:39:29,682 HTTP Request: POST https://router.huggingface.co/featherless-ai/v1/chat/completions "HTTP/1.1 200 OK"
2026-07-30 23:39:29,744 HTTP Request: POST https://router.huggingface.co/featherless-ai/v1/chat/completions "HTTP/1.1 200 OK"
2026-07-30 23:39:29,921 HTTP Request: POST https://router.huggingface.co/featherless-ai/v1/chat/completions "HTTP/1.1 200 OK"
2026-07-30 23:39:30,004 HTTP Request: POST https://router.huggingface.co/featherless-ai/v1/chat/completions "HTTP/1.1 200 OK"
2026-07-30 23:39:30,719 HTTP Request: POST https://router.huggingface.co/featherless-ai/v1/chat/completions "HTTP/1.1 200 OK"
2026-07-30 23:39:31,016 HTTP Request: POST https://router.huggingface.co/featherless-ai/v1/chat/completions "HTTP/1.1 200 OK"
2026-07-30 23:39:31,102 HTTP Request: POST https://router.huggingface.co/featherless-ai/v1/chat/completions "HTTP/1.1 200 OK"
2026-07-30 23:39:31,312 HTTP Request: POST https://router.huggingface.co/featherless-ai/v1/chat/completions "HTTP/1.1 200 OK"
2026-07-30 23:39:31,734 HTTP Request: POST https://router.huggingface.co/featherless-ai/v1/chat/completions "HTTP/1.1 200 OK"
2026-07-30 23:39:31,910 HTTP Request: POST https://router.huggingface.co/featherless-ai/v1/chat/completions "HTTP/1.1 200 OK"
2026-07-30 23:39:32,270 HTTP Request: POST https://router.huggingface.co/featherless-ai/v1/chat/completions "HTTP/1.1 200 OK"
2026-07-30 23:39:32,399 HTTP Request: POST https://router.huggingface.co/featherless-ai/v1/chat/completions "HTTP/1.1 200 OK"
2026-07-30 23:39:32,472 HTTP Request: POST https://router.huggingface.co/featherless-ai/v1/chat/completions "HTTP/1.1 200 OK"
2026-07-30 23:39:32,757 HTTP Request: POST https://router.huggingface.co/featherless-ai/v1/chat/completions "HTTP/1.1 200 OK"
2026-07-30 23:39:32,885 HTTP Request: POST https://router.huggingface.co/featherless-ai/v1/chat/completions "HTTP/1.1 200 OK"
2026-07-30 23:39:33,404 HTTP Request: POST https://router.huggingface.co/featherless-ai/v1/chat/completions "HTTP/1.1 200 OK"
2026-07-30 23:39:33,714 HTTP Request: POST https://router.huggingface.co/featherless-ai/v1/chat/completions "HTTP/1.1 200 OK"
2026-07-30 23:39:33,808 HTTP Request: POST https://router.huggingface.co/featherless-ai/v1/chat/completions "HTTP/1.1 200 OK"
2026-07-30 23:39:34,034 HTTP Request: POST https://router.huggingface.co/featherless-ai/v1/chat/completions "HTTP/1.1 200 OK"
2026-07-30 23:39:34,039 HTTP Request: POST https://router.huggingface.co/featherless-ai/v1/chat/completions "HTTP/1.1 200 OK"
2026-07-30 23:39:34,242 HTTP Request: POST https://router.huggingface.co/featherless-ai/v1/chat/completions "HTTP/1.1 200 OK"
2026-07-30 23:39:34,525 HTTP Request: POST https://router.huggingface.co/featherless-ai/v1/chat/completions "HTTP/1.1 200 OK"
2026-07-30 23:39:34,684 HTTP Request: POST https://router.huggingface.co/featherless-ai/v1/chat/completions "HTTP/1.1 200 OK"
2026-07-30 23:39:35,137 HTTP Request: POST https://router.huggingface.co/featherless-ai/v1/chat/completions "HTTP/1.1 200 OK"
2026-07-30 23:39:35,324 HTTP Request: POST https://router.huggingface.co/featherless-ai/v1/chat/completions "HTTP/1.1 200 OK"
2026-07-30 23:39:35,393 [2000/4800] ok=2000 fail=0 rate=3.3/s eta=846s
2026-07-30 23:39:35,466 HTTP Request: POST https://router.huggingface.co/featherless-ai/v1/chat/completions "HTTP/1.1 200 OK"
2026-07-30 23:39:35,672 HTTP Request: POST https://router.huggingface.co/featherless-ai/v1/chat/completions "HTTP/1.1 200 OK"
2026-07-30 23:39:36,010 HTTP Request: POST https://router.huggingface.co/featherless-ai/v1/chat/completions "HTTP/1.1 200 OK"
2026-07-30 23:39:36,263 HTTP Request: POST https://router.huggingface.co/featherless-ai/v1/chat/completions "HTTP/1.1 200 OK"
2026-07-30 23:39:36,699 HTTP Request: POST https://router.huggingface.co/featherless-ai/v1/chat/completions "HTTP/1.1 200 OK"
2026-07-30 23:39:36,722 HTTP Request: POST https://router.huggingface.co/featherless-ai/v1/chat/completions "HTTP/1.1 200 OK"
2026-07-30 23:39:37,164 HTTP Request: POST https://router.huggingface.co/featherless-ai/v1/chat/completions "HTTP/1.1 200 OK"
2026-07-30 23:39:37,199 HTTP Request: POST https://router.huggingface.co/featherless-ai/v1/chat/completions "HTTP/1.1 200 OK"
2026-07-30 23:39:37,374 HTTP Request: POST https://router.huggingface.co/featherless-ai/v1/chat/completions "HTTP/1.1 200 OK"
2026-07-30 23:39:37,461 HTTP Request: POST https://router.huggingface.co/featherless-ai/v1/chat/completions "HTTP/1.1 200 OK"
2026-07-30 23:39:37,687 HTTP Request: POST https://router.huggingface.co/featherless-ai/v1/chat/completions "HTTP/1.1 200 OK"
2026-07-30 23:39:38,744 HTTP Request: POST https://router.huggingface.co/featherless-ai/v1/chat/completions "HTTP/1.1 200 OK"
2026-07-30 23:39:39,211 HTTP Request: POST https://router.huggingface.co/featherless-ai/v1/chat/completions "HTTP/1.1 200 OK"
2026-07-30 23:39:39,497 HTTP Request: POST https://router.huggingface.co/featherless-ai/v1/chat/completions "HTTP/1.1 200 OK"
2026-07-30 23:39:40,354 HTTP Request: POST https://router.huggingface.co/featherless-ai/v1/chat/completions "HTTP/1.1 200 OK"
2026-07-30 23:39:40,615 HTTP Request: POST https://router.huggingface.co/featherless-ai/v1/chat/completions "HTTP/1.1 200 OK"
2026-07-30 23:39:40,729 HTTP Request: POST https://router.huggingface.co/featherless-ai/v1/chat/completions "HTTP/1.1 200 OK"
2026-07-30 23:39:40,757 HTTP Request: POST https://router.huggingface.co/featherless-ai/v1/chat/completions "HTTP/1.1 200 OK"
2026-07-30 23:39:40,909 HTTP Request: POST https://router.huggingface.co/featherless-ai/v1/chat/completions "HTTP/1.1 200 OK"
2026-07-30 23:39:41,161 HTTP Request: POST https://router.huggingface.co/featherless-ai/v1/chat/completions "HTTP/1.1 200 OK"
2026-07-30 23:39:41,240 HTTP Request: POST https://router.huggingface.co/featherless-ai/v1/chat/completions "HTTP/1.1 200 OK"
2026-07-30 23:39:41,292 HTTP Request: POST https://router.huggingface.co/featherless-ai/v1/chat/completions "HTTP/1.1 200 OK"
2026-07-30 23:39:41,970 HTTP Request: POST https://router.huggingface.co/featherless-ai/v1/chat/completions "HTTP/1.1 200 OK"
2026-07-30 23:39:42,250 HTTP Request: POST https://router.huggingface.co/featherless-ai/v1/chat/completions "HTTP/1.1 200 OK"
2026-07-30 23:39:42,593 HTTP Request: POST https://router.huggingface.co/featherless-ai/v1/chat/completions "HTTP/1.1 200 OK"
2026-07-30 23:39:42,771 HTTP Request: POST https://router.huggingface.co/featherless-ai/v1/chat/completions "HTTP/1.1 200 OK"
2026-07-30 23:39:42,784 [2025/4800] ok=2025 fail=0 rate=3.3/s eta=839s
2026-07-30 23:39:42,985 HTTP Request: POST https://router.huggingface.co/featherless-ai/v1/chat/completions "HTTP/1.1 200 OK"
2026-07-30 23:39:43,441 HTTP Request: POST https://router.huggingface.co/featherless-ai/v1/chat/completions "HTTP/1.1 200 OK"
2026-07-30 23:39:43,484 HTTP Request: POST https://router.huggingface.co/featherless-ai/v1/chat/completions "HTTP/1.1 200 OK"
2026-07-30 23:39:44,056 HTTP Request: POST https://router.huggingface.co/featherless-ai/v1/chat/completions "HTTP/1.1 200 OK"
2026-07-30 23:39:44,067 HTTP Request: POST https://router.huggingface.co/featherless-ai/v1/chat/completions "HTTP/1.1 200 OK"
2026-07-30 23:39:44,522 HTTP Request: POST https://router.huggingface.co/featherless-ai/v1/chat/completions "HTTP/1.1 200 OK"
2026-07-30 23:39:44,770 HTTP Request: POST https://router.huggingface.co/featherless-ai/v1/chat/completions "HTTP/1.1 200 OK"
2026-07-30 23:39:44,916 HTTP Request: POST https://router.huggingface.co/featherless-ai/v1/chat/completions "HTTP/1.1 200 OK"
2026-07-30 23:39:45,123 HTTP Request: POST https://router.huggingface.co/featherless-ai/v1/chat/completions "HTTP/1.1 200 OK"
2026-07-30 23:39:45,396 HTTP Request: POST https://router.huggingface.co/featherless-ai/v1/chat/completions "HTTP/1.1 200 OK"
2026-07-30 23:39:45,626 HTTP Request: POST https://router.huggingface.co/featherless-ai/v1/chat/completions "HTTP/1.1 200 OK"
2026-07-30 23:39:45,803 HTTP Request: POST https://router.huggingface.co/featherless-ai/v1/chat/completions "HTTP/1.1 200 OK"
2026-07-30 23:39:45,893 HTTP Request: POST https://router.huggingface.co/featherless-ai/v1/chat/completions "HTTP/1.1 200 OK"
2026-07-30 23:39:46,728 HTTP Request: POST https://router.huggingface.co/featherless-ai/v1/chat/completions "HTTP/1.1 200 OK"
2026-07-30 23:39:46,844 HTTP Request: POST https://router.huggingface.co/featherless-ai/v1/chat/completions "HTTP/1.1 200 OK"
2026-07-30 23:39:46,853 HTTP Request: POST https://router.huggingface.co/featherless-ai/v1/chat/completions "HTTP/1.1 200 OK"
2026-07-30 23:39:47,245 HTTP Request: POST https://router.huggingface.co/featherless-ai/v1/chat/completions "HTTP/1.1 200 OK"
2026-07-30 23:39:47,551 HTTP Request: POST https://router.huggingface.co/featherless-ai/v1/chat/completions "HTTP/1.1 200 OK"
2026-07-30 23:39:47,603 HTTP Request: POST https://router.huggingface.co/featherless-ai/v1/chat/completions "HTTP/1.1 200 OK"
2026-07-30 23:39:48,430 HTTP Request: POST https://router.huggingface.co/featherless-ai/v1/chat/completions "HTTP/1.1 200 OK"
2026-07-30 23:39:48,788 HTTP Request: POST https://router.huggingface.co/featherless-ai/v1/chat/completions "HTTP/1.1 200 OK"
2026-07-30 23:39:48,789 HTTP Request: POST https://router.huggingface.co/featherless-ai/v1/chat/completions "HTTP/1.1 200 OK"
2026-07-30 23:39:48,885 [2050/4800] ok=2050 fail=0 rate=3.3/s eta=829s
2026-07-30 23:39:48,985 HTTP Request: POST https://router.huggingface.co/featherless-ai/v1/chat/completions "HTTP/1.1 200 OK"
2026-07-30 23:39:48,989 HTTP Request: POST https://router.huggingface.co/featherless-ai/v1/chat/completions "HTTP/1.1 200 OK"
2026-07-30 23:39:49,135 HTTP Request: POST https://router.huggingface.co/featherless-ai/v1/chat/completions "HTTP/1.1 200 OK"
2026-07-30 23:39:49,426 HTTP Request: POST https://router.huggingface.co/featherless-ai/v1/chat/completions "HTTP/1.1 200 OK"
2026-07-30 23:39:49,515 HTTP Request: POST https://router.huggingface.co/featherless-ai/v1/chat/completions "HTTP/1.1 200 OK"
2026-07-30 23:39:50,060 HTTP Request: POST https://router.huggingface.co/featherless-ai/v1/chat/completions "HTTP/1.1 200 OK"
2026-07-30 23:39:50,409 HTTP Request: POST https://router.huggingface.co/featherless-ai/v1/chat/completions "HTTP/1.1 200 OK"
2026-07-30 23:39:50,559 HTTP Request: POST https://router.huggingface.co/featherless-ai/v1/chat/completions "HTTP/1.1 200 OK"
2026-07-30 23:39:51,057 HTTP Request: POST https://router.huggingface.co/featherless-ai/v1/chat/completions "HTTP/1.1 200 OK"
2026-07-30 23:39:51,744 HTTP Request: POST https://router.huggingface.co/featherless-ai/v1/chat/completions "HTTP/1.1 200 OK"
2026-07-30 23:39:51,852 HTTP Request: POST https://router.huggingface.co/featherless-ai/v1/chat/completions "HTTP/1.1 200 OK"
2026-07-30 23:39:51,852 HTTP Request: POST https://router.huggingface.co/featherless-ai/v1/chat/completions "HTTP/1.1 200 OK"
2026-07-30 23:39:51,853 HTTP Request: POST https://router.huggingface.co/featherless-ai/v1/chat/completions "HTTP/1.1 200 OK"
2026-07-30 23:39:52,063 HTTP Request: POST https://router.huggingface.co/featherless-ai/v1/chat/completions "HTTP/1.1 200 OK"
2026-07-30 23:39:52,129 HTTP Request: POST https://router.huggingface.co/featherless-ai/v1/chat/completions "HTTP/1.1 200 OK"
2026-07-30 23:39:52,258 HTTP Request: POST https://router.huggingface.co/featherless-ai/v1/chat/completions "HTTP/1.1 200 OK"
2026-07-30 23:39:52,650 HTTP Request: POST https://router.huggingface.co/featherless-ai/v1/chat/completions "HTTP/1.1 200 OK"
2026-07-30 23:39:53,401 HTTP Request: POST https://router.huggingface.co/featherless-ai/v1/chat/completions "HTTP/1.1 200 OK"
2026-07-30 23:39:53,539 HTTP Request: POST https://router.huggingface.co/featherless-ai/v1/chat/completions "HTTP/1.1 200 OK"
2026-07-30 23:39:53,752 HTTP Request: POST https://router.huggingface.co/featherless-ai/v1/chat/completions "HTTP/1.1 200 OK"
2026-07-30 23:39:54,095 HTTP Request: POST https://router.huggingface.co/featherless-ai/v1/chat/completions "HTTP/1.1 200 OK"
2026-07-30 23:39:54,320 HTTP Request: POST https://router.huggingface.co/featherless-ai/v1/chat/completions "HTTP/1.1 200 OK"
2026-07-30 23:39:54,607 HTTP Request: POST https://router.huggingface.co/featherless-ai/v1/chat/completions "HTTP/1.1 200 OK"
2026-07-30 23:39:54,659 HTTP Request: POST https://router.huggingface.co/featherless-ai/v1/chat/completions "HTTP/1.1 200 OK"
2026-07-30 23:39:54,783 HTTP Request: POST https://router.huggingface.co/featherless-ai/v1/chat/completions "HTTP/1.1 200 OK"
2026-07-30 23:39:55,045 HTTP Request: POST https://router.huggingface.co/featherless-ai/v1/chat/completions "HTTP/1.1 200 OK"
2026-07-30 23:39:55,183 HTTP Request: POST https://router.huggingface.co/featherless-ai/v1/chat/completions "HTTP/1.1 200 OK"
2026-07-30 23:39:55,229 [2075/4800] ok=2075 fail=0 rate=3.3/s eta=820s
2026-07-30 23:39:55,378 HTTP Request: POST https://router.huggingface.co/featherless-ai/v1/chat/completions "HTTP/1.1 200 OK"
2026-07-30 23:39:55,636 HTTP Request: POST https://router.huggingface.co/featherless-ai/v1/chat/completions "HTTP/1.1 200 OK"
2026-07-30 23:39:56,953 HTTP Request: POST https://router.huggingface.co/featherless-ai/v1/chat/completions "HTTP/1.1 200 OK"
2026-07-30 23:39:57,123 HTTP Request: POST https://router.huggingface.co/featherless-ai/v1/chat/completions "HTTP/1.1 200 OK"
2026-07-30 23:39:57,320 HTTP Request: POST https://router.huggingface.co/featherless-ai/v1/chat/completions "HTTP/1.1 200 OK"
2026-07-30 23:39:57,440 HTTP Request: POST https://router.huggingface.co/featherless-ai/v1/chat/completions "HTTP/1.1 200 OK"
2026-07-30 23:39:57,647 HTTP Request: POST https://router.huggingface.co/featherless-ai/v1/chat/completions "HTTP/1.1 200 OK"
2026-07-30 23:39:58,004 HTTP Request: POST https://router.huggingface.co/featherless-ai/v1/chat/completions "HTTP/1.1 200 OK"
2026-07-30 23:39:58,728 HTTP Request: POST https://router.huggingface.co/featherless-ai/v1/chat/completions "HTTP/1.1 200 OK"
2026-07-30 23:39:58,859 HTTP Request: POST https://router.huggingface.co/featherless-ai/v1/chat/completions "HTTP/1.1 200 OK"
2026-07-30 23:39:59,001 HTTP Request: POST https://router.huggingface.co/featherless-ai/v1/chat/completions "HTTP/1.1 200 OK"
2026-07-30 23:39:59,163 HTTP Request: POST https://router.huggingface.co/featherless-ai/v1/chat/completions "HTTP/1.1 200 OK"
2026-07-30 23:39:59,238 HTTP Request: POST https://router.huggingface.co/featherless-ai/v1/chat/completions "HTTP/1.1 200 OK"
2026-07-30 23:39:59,845 HTTP Request: POST https://router.huggingface.co/featherless-ai/v1/chat/completions "HTTP/1.1 200 OK"
2026-07-30 23:40:00,252 HTTP Request: POST https://router.huggingface.co/featherless-ai/v1/chat/completions "HTTP/1.1 200 OK"
2026-07-30 23:40:00,548 HTTP Request: POST https://router.huggingface.co/featherless-ai/v1/chat/completions "HTTP/1.1 200 OK"
2026-07-30 23:40:00,880 HTTP Request: POST https://router.huggingface.co/featherless-ai/v1/chat/completions "HTTP/1.1 200 OK"
2026-07-30 23:40:00,982 HTTP Request: POST https://router.huggingface.co/featherless-ai/v1/chat/completions "HTTP/1.1 200 OK"
2026-07-30 23:40:01,375 HTTP Request: POST https://router.huggingface.co/featherless-ai/v1/chat/completions "HTTP/1.1 200 OK"
2026-07-30 23:40:01,594 HTTP Request: POST https://router.huggingface.co/featherless-ai/v1/chat/completions "HTTP/1.1 200 OK"
2026-07-30 23:40:01,641 HTTP Request: POST https://router.huggingface.co/featherless-ai/v1/chat/completions "HTTP/1.1 200 OK"
2026-07-30 23:40:02,187 HTTP Request: POST https://router.huggingface.co/featherless-ai/v1/chat/completions "HTTP/1.1 200 OK"
2026-07-30 23:40:02,477 HTTP Request: POST https://router.huggingface.co/featherless-ai/v1/chat/completions "HTTP/1.1 200 OK"
2026-07-30 23:40:03,264 [2100/4800] ok=2100 fail=0 rate=3.3/s eta=813s
2026-07-30 23:40:03,462 HTTP Request: POST https://router.huggingface.co/featherless-ai/v1/chat/completions "HTTP/1.1 200 OK"
2026-07-30 23:40:03,532 HTTP Request: POST https://router.huggingface.co/featherless-ai/v1/chat/completions "HTTP/1.1 200 OK"
2026-07-30 23:40:03,906 HTTP Request: POST https://router.huggingface.co/featherless-ai/v1/chat/completions "HTTP/1.1 200 OK"
2026-07-30 23:40:03,907 HTTP Request: POST https://router.huggingface.co/featherless-ai/v1/chat/completions "HTTP/1.1 200 OK"
2026-07-30 23:40:04,140 HTTP Request: POST https://router.huggingface.co/featherless-ai/v1/chat/completions "HTTP/1.1 200 OK"
2026-07-30 23:40:04,329 HTTP Request: POST https://router.huggingface.co/featherless-ai/v1/chat/completions "HTTP/1.1 200 OK"
2026-07-30 23:40:05,184 HTTP Request: POST https://router.huggingface.co/featherless-ai/v1/chat/completions "HTTP/1.1 200 OK"
2026-07-30 23:40:05,310 HTTP Request: POST https://router.huggingface.co/featherless-ai/v1/chat/completions "HTTP/1.1 200 OK"
2026-07-30 23:40:05,507 HTTP Request: POST https://router.huggingface.co/featherless-ai/v1/chat/completions "HTTP/1.1 200 OK"
2026-07-30 23:40:05,702 HTTP Request: POST https://router.huggingface.co/featherless-ai/v1/chat/completions "HTTP/1.1 200 OK"
2026-07-30 23:40:05,938 HTTP Request: POST https://router.huggingface.co/featherless-ai/v1/chat/completions "HTTP/1.1 200 OK"
2026-07-30 23:40:06,039 HTTP Request: POST https://router.huggingface.co/featherless-ai/v1/chat/completions "HTTP/1.1 200 OK"
2026-07-30 23:40:07,077 HTTP Request: POST https://router.huggingface.co/featherless-ai/v1/chat/completions "HTTP/1.1 200 OK"
2026-07-30 23:40:08,210 HTTP Request: POST https://router.huggingface.co/featherless-ai/v1/chat/completions "HTTP/1.1 200 OK"
2026-07-30 23:40:08,219 HTTP Request: POST https://router.huggingface.co/featherless-ai/v1/chat/completions "HTTP/1.1 200 OK"
2026-07-30 23:40:08,220 HTTP Request: POST https://router.huggingface.co/featherless-ai/v1/chat/completions "HTTP/1.1 200 OK"
2026-07-30 23:40:08,221 HTTP Request: POST https://router.huggingface.co/featherless-ai/v1/chat/completions "HTTP/1.1 200 OK"
2026-07-30 23:40:08,322 HTTP Request: POST https://router.huggingface.co/featherless-ai/v1/chat/completions "HTTP/1.1 200 OK"
2026-07-30 23:40:08,323 HTTP Request: POST https://router.huggingface.co/featherless-ai/v1/chat/completions "HTTP/1.1 200 OK"
2026-07-30 23:40:08,346 HTTP Request: POST https://router.huggingface.co/featherless-ai/v1/chat/completions "HTTP/1.1 200 OK"
2026-07-30 23:40:08,649 HTTP Request: POST https://router.huggingface.co/featherless-ai/v1/chat/completions "HTTP/1.1 200 OK"
2026-07-30 23:40:09,899 HTTP Request: POST https://router.huggingface.co/featherless-ai/v1/chat/completions "HTTP/1.1 200 OK"
2026-07-30 23:40:09,949 HTTP Request: POST https://router.huggingface.co/featherless-ai/v1/chat/completions "HTTP/1.1 200 OK"
2026-07-30 23:40:10,442 HTTP Request: POST https://router.huggingface.co/featherless-ai/v1/chat/completions "HTTP/1.1 200 OK"
2026-07-30 23:40:10,757 [2125/4800] ok=2125 fail=0 rate=3.3/s eta=805s
2026-07-30 23:40:10,951 HTTP Request: POST https://router.huggingface.co/featherless-ai/v1/chat/completions "HTTP/1.1 200 OK"
2026-07-30 23:40:11,062 HTTP Request: POST https://router.huggingface.co/featherless-ai/v1/chat/completions "HTTP/1.1 200 OK"
2026-07-30 23:40:11,063 HTTP Request: POST https://router.huggingface.co/featherless-ai/v1/chat/completions "HTTP/1.1 200 OK"
2026-07-30 23:40:11,459 HTTP Request: POST https://router.huggingface.co/featherless-ai/v1/chat/completions "HTTP/1.1 200 OK"
2026-07-30 23:40:11,473 HTTP Request: POST https://router.huggingface.co/featherless-ai/v1/chat/completions "HTTP/1.1 200 OK"
2026-07-30 23:40:11,691 HTTP Request: POST https://router.huggingface.co/featherless-ai/v1/chat/completions "HTTP/1.1 200 OK"
2026-07-30 23:40:11,856 HTTP Request: POST https://router.huggingface.co/featherless-ai/v1/chat/completions "HTTP/1.1 200 OK"
2026-07-30 23:40:12,158 HTTP Request: POST https://router.huggingface.co/featherless-ai/v1/chat/completions "HTTP/1.1 200 OK"
2026-07-30 23:40:12,809 HTTP Request: POST https://router.huggingface.co/featherless-ai/v1/chat/completions "HTTP/1.1 200 OK"
2026-07-30 23:40:13,011 HTTP Request: POST https://router.huggingface.co/featherless-ai/v1/chat/completions "HTTP/1.1 200 OK"
2026-07-30 23:40:13,061 HTTP Request: POST https://router.huggingface.co/featherless-ai/v1/chat/completions "HTTP/1.1 200 OK"
2026-07-30 23:40:13,315 HTTP Request: POST https://router.huggingface.co/featherless-ai/v1/chat/completions "HTTP/1.1 200 OK"
2026-07-30 23:40:13,420 HTTP Request: POST https://router.huggingface.co/featherless-ai/v1/chat/completions "HTTP/1.1 200 OK"
2026-07-30 23:40:13,606 HTTP Request: POST https://router.huggingface.co/featherless-ai/v1/chat/completions "HTTP/1.1 200 OK"
2026-07-30 23:40:13,990 HTTP Request: POST https://router.huggingface.co/featherless-ai/v1/chat/completions "HTTP/1.1 200 OK"
2026-07-30 23:40:14,097 HTTP Request: POST https://router.huggingface.co/featherless-ai/v1/chat/completions "HTTP/1.1 200 OK"
2026-07-30 23:40:14,745 HTTP Request: POST https://router.huggingface.co/featherless-ai/v1/chat/completions "HTTP/1.1 200 OK"
2026-07-30 23:40:14,874 HTTP Request: POST https://router.huggingface.co/featherless-ai/v1/chat/completions "HTTP/1.1 200 OK"
2026-07-30 23:40:14,878 HTTP Request: POST https://router.huggingface.co/featherless-ai/v1/chat/completions "HTTP/1.1 200 OK"
2026-07-30 23:40:15,501 HTTP Request: POST https://router.huggingface.co/featherless-ai/v1/chat/completions "HTTP/1.1 200 OK"
2026-07-30 23:40:15,539 HTTP Request: POST https://router.huggingface.co/featherless-ai/v1/chat/completions "HTTP/1.1 200 OK"
2026-07-30 23:40:15,680 HTTP Request: POST https://router.huggingface.co/featherless-ai/v1/chat/completions "HTTP/1.1 200 OK"
2026-07-30 23:40:15,880 HTTP Request: POST https://router.huggingface.co/featherless-ai/v1/chat/completions "HTTP/1.1 200 OK"
2026-07-30 23:40:15,972 HTTP Request: POST https://router.huggingface.co/featherless-ai/v1/chat/completions "HTTP/1.1 200 OK"
2026-07-30 23:40:16,315 HTTP Request: POST https://router.huggingface.co/featherless-ai/v1/chat/completions "HTTP/1.1 200 OK"
2026-07-30 23:40:16,739 HTTP Request: POST https://router.huggingface.co/featherless-ai/v1/chat/completions "HTTP/1.1 200 OK"
2026-07-30 23:40:17,385 HTTP Request: POST https://router.huggingface.co/featherless-ai/v1/chat/completions "HTTP/1.1 200 OK"
2026-07-30 23:40:17,640 HTTP Request: POST https://router.huggingface.co/featherless-ai/v1/chat/completions "HTTP/1.1 200 OK"
2026-07-30 23:40:17,742 [2150/4800] ok=2150 fail=0 rate=3.3/s eta=797s
2026-07-30 23:40:18,247 HTTP Request: POST https://router.huggingface.co/featherless-ai/v1/chat/completions "HTTP/1.1 200 OK"
2026-07-30 23:40:18,416 HTTP Request: POST https://router.huggingface.co/featherless-ai/v1/chat/completions "HTTP/1.1 200 OK"
2026-07-30 23:40:18,518 HTTP Request: POST https://router.huggingface.co/featherless-ai/v1/chat/completions "HTTP/1.1 200 OK"
2026-07-30 23:40:18,628 HTTP Request: POST https://router.huggingface.co/featherless-ai/v1/chat/completions "HTTP/1.1 200 OK"
2026-07-30 23:40:19,120 HTTP Request: POST https://router.huggingface.co/featherless-ai/v1/chat/completions "HTTP/1.1 200 OK"
2026-07-30 23:40:19,395 HTTP Request: POST https://router.huggingface.co/featherless-ai/v1/chat/completions "HTTP/1.1 200 OK"
2026-07-30 23:40:20,036 HTTP Request: POST https://router.huggingface.co/featherless-ai/v1/chat/completions "HTTP/1.1 200 OK"
2026-07-30 23:40:20,096 HTTP Request: POST https://router.huggingface.co/featherless-ai/v1/chat/completions "HTTP/1.1 200 OK"
2026-07-30 23:40:20,201 HTTP Request: POST https://router.huggingface.co/featherless-ai/v1/chat/completions "HTTP/1.1 200 OK"
2026-07-30 23:40:20,230 HTTP Request: POST https://router.huggingface.co/featherless-ai/v1/chat/completions "HTTP/1.1 200 OK"
2026-07-30 23:40:20,350 HTTP Request: POST https://router.huggingface.co/featherless-ai/v1/chat/completions "HTTP/1.1 200 OK"
2026-07-30 23:40:20,640 HTTP Request: POST https://router.huggingface.co/featherless-ai/v1/chat/completions "HTTP/1.1 200 OK"
2026-07-30 23:40:20,993 HTTP Request: POST https://router.huggingface.co/featherless-ai/v1/chat/completions "HTTP/1.1 200 OK"
2026-07-30 23:40:21,154 HTTP Request: POST https://router.huggingface.co/featherless-ai/v1/chat/completions "HTTP/1.1 200 OK"
2026-07-30 23:40:21,548 HTTP Request: POST https://router.huggingface.co/featherless-ai/v1/chat/completions "HTTP/1.1 200 OK"
2026-07-30 23:40:21,859 HTTP Request: POST https://router.huggingface.co/featherless-ai/v1/chat/completions "HTTP/1.1 200 OK"
2026-07-30 23:40:22,171 HTTP Request: POST https://router.huggingface.co/featherless-ai/v1/chat/completions "HTTP/1.1 200 OK"
2026-07-30 23:40:22,661 HTTP Request: POST https://router.huggingface.co/featherless-ai/v1/chat/completions "HTTP/1.1 200 OK"
2026-07-30 23:40:22,725 HTTP Request: POST https://router.huggingface.co/featherless-ai/v1/chat/completions "HTTP/1.1 200 OK"
2026-07-30 23:40:22,741 HTTP Request: POST https://router.huggingface.co/featherless-ai/v1/chat/completions "HTTP/1.1 200 OK"
2026-07-30 23:40:23,145 HTTP Request: POST https://router.huggingface.co/featherless-ai/v1/chat/completions "HTTP/1.1 200 OK"
2026-07-30 23:40:23,157 HTTP Request: POST https://router.huggingface.co/featherless-ai/v1/chat/completions "HTTP/1.1 200 OK"
2026-07-30 23:40:23,419 HTTP Request: POST https://router.huggingface.co/featherless-ai/v1/chat/completions "HTTP/1.1 200 OK"
2026-07-30 23:40:23,618 HTTP Request: POST https://router.huggingface.co/featherless-ai/v1/chat/completions "HTTP/1.1 200 OK"
2026-07-30 23:40:25,134 HTTP Request: POST https://router.huggingface.co/featherless-ai/v1/chat/completions "HTTP/1.1 200 OK"
2026-07-30 23:40:25,178 [2175/4800] ok=2175 fail=0 rate=3.3/s eta=790s
2026-07-30 23:40:25,295 HTTP Request: POST https://router.huggingface.co/featherless-ai/v1/chat/completions "HTTP/1.1 200 OK"
2026-07-30 23:40:25,340 HTTP Request: POST https://router.huggingface.co/featherless-ai/v1/chat/completions "HTTP/1.1 200 OK"
2026-07-30 23:40:28,402 HTTP Request: POST https://router.huggingface.co/featherless-ai/v1/chat/completions "HTTP/1.1 200 OK"
2026-07-30 23:40:28,676 HTTP Request: POST https://router.huggingface.co/featherless-ai/v1/chat/completions "HTTP/1.1 200 OK"
2026-07-30 23:40:28,688 HTTP Request: POST https://router.huggingface.co/featherless-ai/v1/chat/completions "HTTP/1.1 200 OK"
2026-07-30 23:40:29,099 HTTP Request: POST https://router.huggingface.co/featherless-ai/v1/chat/completions "HTTP/1.1 200 OK"
2026-07-30 23:40:29,707 HTTP Request: POST https://router.huggingface.co/featherless-ai/v1/chat/completions "HTTP/1.1 200 OK"
2026-07-30 23:40:37,963 HTTP Request: POST https://router.huggingface.co/featherless-ai/v1/chat/completions "HTTP/1.1 200 OK"
2026-07-30 23:40:38,085 HTTP Request: POST https://router.huggingface.co/featherless-ai/v1/chat/completions "HTTP/1.1 200 OK"
2026-07-30 23:40:38,279 HTTP Request: POST https://router.huggingface.co/featherless-ai/v1/chat/completions "HTTP/1.1 200 OK"
2026-07-30 23:40:39,620 HTTP Request: POST https://router.huggingface.co/featherless-ai/v1/chat/completions "HTTP/1.1 200 OK"
2026-07-30 23:40:41,152 HTTP Request: POST https://router.huggingface.co/featherless-ai/v1/chat/completions "HTTP/1.1 200 OK"
2026-07-30 23:40:42,276 HTTP Request: POST https://router.huggingface.co/featherless-ai/v1/chat/completions "HTTP/1.1 200 OK"
2026-07-30 23:40:42,276 HTTP Request: POST https://router.huggingface.co/featherless-ai/v1/chat/completions "HTTP/1.1 200 OK"
2026-07-30 23:40:45,641 HTTP Request: POST https://router.huggingface.co/featherless-ai/v1/chat/completions "HTTP/1.1 200 OK"
2026-07-30 23:40:47,332 HTTP Request: POST https://router.huggingface.co/featherless-ai/v1/chat/completions "HTTP/1.1 200 OK"
2026-07-30 23:40:47,570 HTTP Request: POST https://router.huggingface.co/featherless-ai/v1/chat/completions "HTTP/1.1 200 OK"
2026-07-30 23:40:47,975 HTTP Request: POST https://router.huggingface.co/featherless-ai/v1/chat/completions "HTTP/1.1 200 OK"
2026-07-30 23:40:49,080 HTTP Request: POST https://router.huggingface.co/featherless-ai/v1/chat/completions "HTTP/1.1 200 OK"
2026-07-30 23:40:49,088 HTTP Request: POST https://router.huggingface.co/featherless-ai/v1/chat/completions "HTTP/1.1 200 OK"
2026-07-30 23:40:49,195 HTTP Request: POST https://router.huggingface.co/featherless-ai/v1/chat/completions "HTTP/1.1 200 OK"
2026-07-30 23:40:49,609 HTTP Request: POST https://router.huggingface.co/featherless-ai/v1/chat/completions "HTTP/1.1 200 OK"
2026-07-30 23:40:49,635 HTTP Request: POST https://router.huggingface.co/featherless-ai/v1/chat/completions "HTTP/1.1 200 OK"
2026-07-30 23:40:50,361 [2200/4800] ok=2200 fail=0 rate=3.2/s eta=803s
2026-07-30 23:40:50,849 HTTP Request: POST https://router.huggingface.co/featherless-ai/v1/chat/completions "HTTP/1.1 200 OK"
2026-07-30 23:40:51,378 HTTP Request: POST https://router.huggingface.co/featherless-ai/v1/chat/completions "HTTP/1.1 200 OK"
2026-07-30 23:40:51,657 HTTP Request: POST https://router.huggingface.co/featherless-ai/v1/chat/completions "HTTP/1.1 200 OK"
2026-07-30 23:40:51,678 HTTP Request: POST https://router.huggingface.co/featherless-ai/v1/chat/completions "HTTP/1.1 200 OK"
2026-07-30 23:40:51,833 HTTP Request: POST https://router.huggingface.co/featherless-ai/v1/chat/completions "HTTP/1.1 200 OK"
2026-07-30 23:40:51,866 HTTP Request: POST https://router.huggingface.co/featherless-ai/v1/chat/completions "HTTP/1.1 200 OK"
2026-07-30 23:40:52,094 HTTP Request: POST https://router.huggingface.co/featherless-ai/v1/chat/completions "HTTP/1.1 200 OK"
2026-07-30 23:40:52,464 HTTP Request: POST https://router.huggingface.co/featherless-ai/v1/chat/completions "HTTP/1.1 200 OK"
2026-07-30 23:40:52,512 HTTP Request: POST https://router.huggingface.co/featherless-ai/v1/chat/completions "HTTP/1.1 200 OK"
2026-07-30 23:40:53,000 HTTP Request: POST https://router.huggingface.co/featherless-ai/v1/chat/completions "HTTP/1.1 200 OK"
2026-07-30 23:40:53,202 HTTP Request: POST https://router.huggingface.co/featherless-ai/v1/chat/completions "HTTP/1.1 200 OK"
2026-07-30 23:40:53,447 HTTP Request: POST https://router.huggingface.co/featherless-ai/v1/chat/completions "HTTP/1.1 200 OK"
2026-07-30 23:40:53,827 HTTP Request: POST https://router.huggingface.co/featherless-ai/v1/chat/completions "HTTP/1.1 200 OK"
2026-07-30 23:40:53,834 HTTP Request: POST https://router.huggingface.co/featherless-ai/v1/chat/completions "HTTP/1.1 200 OK"
2026-07-30 23:40:54,289 HTTP Request: POST https://router.huggingface.co/featherless-ai/v1/chat/completions "HTTP/1.1 200 OK"
2026-07-30 23:40:54,603 HTTP Request: POST https://router.huggingface.co/featherless-ai/v1/chat/completions "HTTP/1.1 200 OK"
2026-07-30 23:40:54,746 HTTP Request: POST https://router.huggingface.co/featherless-ai/v1/chat/completions "HTTP/1.1 200 OK"
2026-07-30 23:40:55,010 HTTP Request: POST https://router.huggingface.co/featherless-ai/v1/chat/completions "HTTP/1.1 200 OK"
2026-07-30 23:40:55,619 HTTP Request: POST https://router.huggingface.co/featherless-ai/v1/chat/completions "HTTP/1.1 200 OK"
2026-07-30 23:40:55,914 HTTP Request: POST https://router.huggingface.co/featherless-ai/v1/chat/completions "HTTP/1.1 200 OK"
2026-07-30 23:40:55,978 HTTP Request: POST https://router.huggingface.co/featherless-ai/v1/chat/completions "HTTP/1.1 200 OK"
2026-07-30 23:40:56,046 HTTP Request: POST https://router.huggingface.co/featherless-ai/v1/chat/completions "HTTP/1.1 200 OK"
2026-07-30 23:40:56,357 HTTP Request: POST https://router.huggingface.co/featherless-ai/v1/chat/completions "HTTP/1.1 200 OK"
2026-07-30 23:40:56,367 HTTP Request: POST https://router.huggingface.co/featherless-ai/v1/chat/completions "HTTP/1.1 200 OK"
2026-07-30 23:40:56,581 HTTP Request: POST https://router.huggingface.co/featherless-ai/v1/chat/completions "HTTP/1.1 200 OK"
2026-07-30 23:40:56,640 HTTP Request: POST https://router.huggingface.co/featherless-ai/v1/chat/completions "HTTP/1.1 200 OK"
2026-07-30 23:40:57,137 [2225/4800] ok=2225 fail=0 rate=3.2/s eta=794s
2026-07-30 23:40:57,224 HTTP Request: POST https://router.huggingface.co/featherless-ai/v1/chat/completions "HTTP/1.1 200 OK"
2026-07-30 23:40:57,433 HTTP Request: POST https://router.huggingface.co/featherless-ai/v1/chat/completions "HTTP/1.1 200 OK"
2026-07-30 23:40:57,747 HTTP Request: POST https://router.huggingface.co/featherless-ai/v1/chat/completions "HTTP/1.1 200 OK"
2026-07-30 23:40:58,161 HTTP Request: POST https://router.huggingface.co/featherless-ai/v1/chat/completions "HTTP/1.1 200 OK"
2026-07-30 23:40:58,345 HTTP Request: POST https://router.huggingface.co/featherless-ai/v1/chat/completions "HTTP/1.1 200 OK"
2026-07-30 23:40:58,737 HTTP Request: POST https://router.huggingface.co/featherless-ai/v1/chat/completions "HTTP/1.1 200 OK"
2026-07-30 23:40:58,873 HTTP Request: POST https://router.huggingface.co/featherless-ai/v1/chat/completions "HTTP/1.1 200 OK"
2026-07-30 23:40:59,014 HTTP Request: POST https://router.huggingface.co/featherless-ai/v1/chat/completions "HTTP/1.1 200 OK"
2026-07-30 23:40:59,365 HTTP Request: POST https://router.huggingface.co/featherless-ai/v1/chat/completions "HTTP/1.1 200 OK"
2026-07-30 23:40:59,481 HTTP Request: POST https://router.huggingface.co/featherless-ai/v1/chat/completions "HTTP/1.1 200 OK"
2026-07-30 23:40:59,485 HTTP Request: POST https://router.huggingface.co/featherless-ai/v1/chat/completions "HTTP/1.1 200 OK"
2026-07-30 23:40:59,795 HTTP Request: POST https://router.huggingface.co/featherless-ai/v1/chat/completions "HTTP/1.1 200 OK"
2026-07-30 23:41:00,183 HTTP Request: POST https://router.huggingface.co/featherless-ai/v1/chat/completions "HTTP/1.1 200 OK"
2026-07-30 23:41:00,600 HTTP Request: POST https://router.huggingface.co/featherless-ai/v1/chat/completions "HTTP/1.1 200 OK"
2026-07-30 23:41:00,837 HTTP Request: POST https://router.huggingface.co/featherless-ai/v1/chat/completions "HTTP/1.1 200 OK"
2026-07-30 23:41:00,860 HTTP Request: POST https://router.huggingface.co/featherless-ai/v1/chat/completions "HTTP/1.1 200 OK"
2026-07-30 23:41:01,228 HTTP Request: POST https://router.huggingface.co/featherless-ai/v1/chat/completions "HTTP/1.1 200 OK"
2026-07-30 23:41:01,233 HTTP Request: POST https://router.huggingface.co/featherless-ai/v1/chat/completions "HTTP/1.1 200 OK"
2026-07-30 23:41:01,689 HTTP Request: POST https://router.huggingface.co/featherless-ai/v1/chat/completions "HTTP/1.1 200 OK"
2026-07-30 23:41:01,773 HTTP Request: POST https://router.huggingface.co/featherless-ai/v1/chat/completions "HTTP/1.1 200 OK"
